app_id,source,region,date,year,lat,lon,county,land_type,owner,product,active_ingredient,amount,unit,acres,method,activity,project,status,url,pulled
purcac:WEB2620580055:32M27N10E09,pur-cac-plumas,northern-sierra,10/24/2025,2025,40.213765,-120.862591,Plumas,forestry,32253200406,ROUNDUP PRO CONCENTRATE HERBICIDE,"GLYPHOSATE, ISOPROPYLAMINE SALT",350.5197,lbs,196.0,,,,completed,https://calpip.cdpr.ca.gov/,2026-07-22
purcac:WEB2520382758:32M27N10E04,pur-cac-plumas,northern-sierra,10/21/2025,2025,40.227682,-120.862605,Plumas,forestry,32253200406,ROUNDUP PRO CONCENTRATE HERBICIDE,"GLYPHOSATE, ISOPROPYLAMINE SALT",289.4268,lbs,208.2,,,,completed,https://calpip.cdpr.ca.gov/,2026-07-22
purcac:WEB2520382776:32M27N10E09,pur-cac-plumas,northern-sierra,10/22/2025,2025,40.213765,-120.862591,Plumas,forestry,32253200406,ROUNDUP PRO CONCENTRATE HERBICIDE,"GLYPHOSATE, ISOPROPYLAMINE SALT",60.1406,lbs,44.0,,,,completed,https://calpip.cdpr.ca.gov/,2026-07-22
purcac:WEB2520394313:32M21N08E04,pur-cac-plumas,northern-sierra,10/27/2025,2025,39.708389,-121.091002,Plumas,forestry,32253200530,MILESTONE,"AMINOPYRALID, TRIISOPROPANOLAMINE SALT",9.0378,lbs,60.0,,,,completed,https://calpip.cdpr.ca.gov/,2026-07-22
purcac:WEB2520394330:32M21N08E03,pur-cac-plumas,northern-sierra,10/27/2025,2025,39.708596,-121.072202,Plumas,forestry,32253200530,MILESTONE,"AMINOPYRALID, TRIISOPROPANOLAMINE SALT",12.2764,lbs,81.5,,,,completed,https://calpip.cdpr.ca.gov/,2026-07-22
purcac:WEB2520427138:32M27N06E12,pur-cac-plumas,northern-sierra,10/07/2025,2025,40.212008,-121.259974,Plumas,forestry,32253200406,ROUNDUP PRO CONCENTRATE HERBICIDE,"GLYPHOSATE, ISOPROPYLAMINE SALT",216.0051,lbs,138.0,,,,completed,https://calpip.cdpr.ca.gov/,2026-07-22
purcac:WEB2520427155:32M27N06E12,pur-cac-plumas,northern-sierra,10/08/2025,2025,40.212008,-121.259974,Plumas,forestry,32253200406,ROUNDUP PRO CONCENTRATE HERBICIDE,"GLYPHOSATE, ISOPROPYLAMINE SALT",155.8645,lbs,88.5,,,,completed,https://calpip.cdpr.ca.gov/,2026-07-22
purcac:WEB2520427164:32M27N06E12,pur-cac-plumas,northern-sierra,10/08/2025,2025,40.212008,-121.259974,Plumas,forestry,32253200406,ROUNDUP PRO CONCENTRATE HERBICIDE,"GLYPHOSATE, ISOPROPYLAMINE SALT",155.8645,lbs,88.5,,,,completed,https://calpip.cdpr.ca.gov/,2026-07-22
purcac:WEB2520427172:32M27N07E06,pur-cac-plumas,northern-sierra,10/09/2025,2025,40.226804,-121.241204,Plumas,forestry,32253200406,ROUNDUP PRO CONCENTRATE HERBICIDE,"GLYPHOSATE, ISOPROPYLAMINE SALT",251.8389,lbs,152.0,,,,completed,https://calpip.cdpr.ca.gov/,2026-07-22
purcac:WEB2520427181:32M27N06E09,pur-cac-plumas,northern-sierra,10/10/2025,2025,40.212143,-121.317366,Plumas,forestry,32253200406,ROUNDUP PRO CONCENTRATE HERBICIDE,"GLYPHOSATE, ISOPROPYLAMINE SALT",225.5274,lbs,157.0,,,,completed,https://calpip.cdpr.ca.gov/,2026-07-22
purcac:WEB2520472868:32M27N06E01,pur-cac-plumas,northern-sierra,10/10/2025,2025,40.226476,-121.260027,Plumas,forestry,32253200406,ROUNDUP PRO CONCENTRATE HERBICIDE,"GLYPHOSATE, ISOPROPYLAMINE SALT",93.9697,lbs,50.0,,,,completed,https://calpip.cdpr.ca.gov/,2026-07-22
purcac:WEB2520427186:32M27N06E01,pur-cac-plumas,northern-sierra,10/11/2025,2025,40.226476,-121.260027,Plumas,forestry,32253200406,ROUNDUP PRO CONCENTRATE HERBICIDE,"GLYPHOSATE, ISOPROPYLAMINE SALT",225.5274,lbs,122.0,,,,completed,https://calpip.cdpr.ca.gov/,2026-07-22
purcac:WEB2520472892:32M27N06E01,pur-cac-plumas,northern-sierra,10/11/2025,2025,40.226476,-121.260027,Plumas,forestry,32253200406,ROUNDUP PRO CONCENTRATE HERBICIDE,"GLYPHOSATE, ISOPROPYLAMINE SALT",231.1656,lbs,123.0,,,,completed,https://calpip.cdpr.ca.gov/,2026-07-22
purcac:WEB2520429011:32M27N06E01,pur-cac-plumas,northern-sierra,10/12/2025,2025,40.226476,-121.260027,Plumas,forestry,32253200406,ROUNDUP PRO CONCENTRATE HERBICIDE,"GLYPHOSATE, ISOPROPYLAMINE SALT",231.0403,lbs,123.5,,,,completed,https://calpip.cdpr.ca.gov/,2026-07-22
purcac:WEB2520472898:32M27N06E01,pur-cac-plumas,northern-sierra,10/13/2025,2025,40.226476,-121.260027,Plumas,forestry,32253200406,ROUNDUP PRO CONCENTRATE HERBICIDE,"GLYPHOSATE, ISOPROPYLAMINE SALT",78.9346,lbs,42.0,,,,completed,https://calpip.cdpr.ca.gov/,2026-07-22
purcac:WEB2520472907:32M27N06E01,pur-cac-plumas,northern-sierra,10/14/2025,2025,40.226476,-121.260027,Plumas,forestry,32253200406,ROUNDUP PRO CONCENTRATE HERBICIDE,"GLYPHOSATE, ISOPROPYLAMINE SALT",80.814,lbs,43.0,,,,completed,https://calpip.cdpr.ca.gov/,2026-07-22
purcac:WEB2520429022:32M29N06E31,pur-cac-plumas,northern-sierra,10/15/2025,2025,40.32924,-121.354485,Plumas,forestry,32253200406,ROUNDUP PRO CONCENTRATE HERBICIDE,"GLYPHOSATE, ISOPROPYLAMINE SALT",112.7637,lbs,60.0,,,,completed,https://calpip.cdpr.ca.gov/,2026-07-22
purcac:WEB2520357030:32M27N08E01,pur-cac-plumas,northern-sierra,10/15/2025,2025,40.227553,-121.033017,Plumas,forestry,32253202150,VELPAR DF VU HERBICIDE,HEXAZINONE,82.5,lbs,110.0,,,,completed,https://calpip.cdpr.ca.gov/,2026-07-22
purcac:WEB2520357027:32M27N08E11,pur-cac-plumas,northern-sierra,10/15/2025,2025,40.213077,-121.051858,Plumas,forestry,32253202150,VELPAR DF VU HERBICIDE,HEXAZINONE,90.0,lbs,120.0,,,,completed,https://calpip.cdpr.ca.gov/,2026-07-22
purcac:WEB2520357029:32M27N08E12,pur-cac-plumas,northern-sierra,10/15/2025,2025,40.213182,-121.032985,Plumas,forestry,32253202150,VELPAR DF VU HERBICIDE,HEXAZINONE,105.75,lbs,141.0,,,,completed,https://calpip.cdpr.ca.gov/,2026-07-22
purcac:WEB2520357026:32M27N08E14,pur-cac-plumas,northern-sierra,10/15/2025,2025,40.198576,-121.051771,Plumas,forestry,32253202150,VELPAR DF VU HERBICIDE,HEXAZINONE,6.75,lbs,9.0,,,,completed,https://calpip.cdpr.ca.gov/,2026-07-22
purcac:WEB2520356802:32M22N12E35,pur-cac-plumas,northern-sierra,10/03/2025,2025,39.726309,-120.598538,Plumas,forestry,32253202150,TRANSLINE,"CLOPYRALID, MONOETHANOLAMINE SALT",6.0259,lbs,18.79,,,,completed,https://calpip.cdpr.ca.gov/,2026-07-22
purcac:WEB2520368962:32M24N11E19,pur-cac-plumas,northern-sierra,09/29/2025,2025,39.931414,-120.790401,Plumas,forestry,32253202150,TRANSLINE,"CLOPYRALID, MONOETHANOLAMINE SALT",5.7015,lbs,17.66,,,,completed,https://calpip.cdpr.ca.gov/,2026-07-22
purcac:WEB2520368948:32M24N11E17,pur-cac-plumas,northern-sierra,09/29/2025,2025,39.945976,-120.768654,Plumas,forestry,32253202150,TRANSLINE,"CLOPYRALID, MONOETHANOLAMINE SALT",21.2299,lbs,65.96,,,,completed,https://calpip.cdpr.ca.gov/,2026-07-22
purcac:WEB2520368956:32M24N11E18,pur-cac-plumas,northern-sierra,09/29/2025,2025,39.945977,-120.79052,Plumas,forestry,32253202150,TRANSLINE,"CLOPYRALID, MONOETHANOLAMINE SALT",7.1848,lbs,22.28,,,,completed,https://calpip.cdpr.ca.gov/,2026-07-22
purcac:WEB2520356756:32M24N11E07,pur-cac-plumas,northern-sierra,09/29/2025,2025,39.960551,-120.790683,Plumas,forestry,32253202150,TRANSLINE,"CLOPYRALID, MONOETHANOLAMINE SALT",21.2299,lbs,65.71,,,,completed,https://calpip.cdpr.ca.gov/,2026-07-22
purcac:WEB2520356768:32M24N11E18,pur-cac-plumas,northern-sierra,09/30/2025,2025,39.945977,-120.79052,Plumas,forestry,32253202150,TRANSLINE,"CLOPYRALID, MONOETHANOLAMINE SALT",10.7076,lbs,32.96,,,,completed,https://calpip.cdpr.ca.gov/,2026-07-22
purcac:WEB2520356772:32M24N11E17,pur-cac-plumas,northern-sierra,09/30/2025,2025,39.945976,-120.768654,Plumas,forestry,32253202150,TRANSLINE,"CLOPYRALID, MONOETHANOLAMINE SALT",4.0791,lbs,12.7,,,,completed,https://calpip.cdpr.ca.gov/,2026-07-22
purcac:WEB2520368987:32M24N11E17,pur-cac-plumas,northern-sierra,09/30/2025,2025,39.945976,-120.768654,Plumas,forestry,32253202150,TRANSLINE,"CLOPYRALID, MONOETHANOLAMINE SALT",4.0791,lbs,12.7,,,,completed,https://calpip.cdpr.ca.gov/,2026-07-22
purcac:WEB2520356781:32M24N11E18,pur-cac-plumas,northern-sierra,10/01/2025,2025,39.945977,-120.79052,Plumas,forestry,32253202150,TRANSLINE,"CLOPYRALID, MONOETHANOLAMINE SALT",25.1236,lbs,78.02,,,,completed,https://calpip.cdpr.ca.gov/,2026-07-22
purcac:WEB2520356788:32M23N11E14,pur-cac-plumas,northern-sierra,10/01/2025,2025,39.858367,-120.712145,Plumas,forestry,32253202150,TRANSLINE,"CLOPYRALID, MONOETHANOLAMINE SALT",18.1242,lbs,56.65,,,,completed,https://calpip.cdpr.ca.gov/,2026-07-22
purcac:WEB2520356791:32M23N11E16,pur-cac-plumas,northern-sierra,10/02/2025,2025,39.858101,-120.750076,Plumas,forestry,32253202150,TRANSLINE,"CLOPYRALID, MONOETHANOLAMINE SALT",10.0911,lbs,45.49,,,,completed,https://calpip.cdpr.ca.gov/,2026-07-22
purcac:WEB2520356795:32M23N11E10,pur-cac-plumas,northern-sierra,10/02/2025,2025,39.873031,-120.730971,Plumas,forestry,32253202150,TRANSLINE,"CLOPYRALID, MONOETHANOLAMINE SALT",2.9203,lbs,8.89,,,,completed,https://calpip.cdpr.ca.gov/,2026-07-22
purcac:WEB2520356798:32M23N12E08,pur-cac-plumas,northern-sierra,10/03/2025,2025,39.873107,-120.655977,Plumas,forestry,32253202150,TRANSLINE,"CLOPYRALID, MONOETHANOLAMINE SALT",6.2577,lbs,19.72,,,,completed,https://calpip.cdpr.ca.gov/,2026-07-22
purcac:WEB2520356800:32M23N12E17,pur-cac-plumas,northern-sierra,10/03/2025,2025,39.85848,-120.655965,Plumas,forestry,32253202150,TRANSLINE,"CLOPYRALID, MONOETHANOLAMINE SALT",8.1118,lbs,25.52,,,,completed,https://calpip.cdpr.ca.gov/,2026-07-22
purcac:WEB2520404413:32M27N07E07,pur-cac-plumas,northern-sierra,10/03/2025,2025,40.212114,-121.241065,Plumas,forestry,32253200406,VELPAR DF VU HERBICIDE,HEXAZINONE,6.75,lbs,37.0,,,,completed,https://calpip.cdpr.ca.gov/,2026-07-22
purcac:WEB2520404409:32M27N07E18,pur-cac-plumas,northern-sierra,10/03/2025,2025,40.197441,-121.241145,Plumas,forestry,32253200406,VELPAR DF VU HERBICIDE,HEXAZINONE,20.25,lbs,108.0,,,,completed,https://calpip.cdpr.ca.gov/,2026-07-22
purcac:WEB2520443390:32M29N07E31,pur-cac-plumas,northern-sierra,10/01/2025,2025,40.328742,-121.241706,Plumas,forestry,32253202150,VELPAR DF VU HERBICIDE,HEXAZINONE,67.5,lbs,43.54,,,,completed,https://calpip.cdpr.ca.gov/,2026-07-22
purcac:WEB2520443408:32M29N07E31,pur-cac-plumas,northern-sierra,10/01/2025,2025,40.328742,-121.241706,Plumas,forestry,32253202150,VELPAR DF VU HERBICIDE,HEXAZINONE,45.0,lbs,26.04,,,,completed,https://calpip.cdpr.ca.gov/,2026-07-22
purcac:WEB2520444361:32M29N07E31,pur-cac-plumas,northern-sierra,10/01/2025,2025,40.328742,-121.241706,Plumas,forestry,32253202150,VELPAR DF VU HERBICIDE,HEXAZINONE,16.875,lbs,10.81,,,,completed,https://calpip.cdpr.ca.gov/,2026-07-22
purcac:WEB2520443377:32M29N07E31,pur-cac-plumas,northern-sierra,10/01/2025,2025,40.328742,-121.241706,Plumas,forestry,32253202150,VELPAR DF VU HERBICIDE,HEXAZINONE,16.875,lbs,10.51,,,,completed,https://calpip.cdpr.ca.gov/,2026-07-22
purcac:WEB2520443385:32M29N07E31,pur-cac-plumas,northern-sierra,10/01/2025,2025,40.328742,-121.241706,Plumas,forestry,32253202150,VELPAR DF VU HERBICIDE,HEXAZINONE,33.75,lbs,17.91,,,,completed,https://calpip.cdpr.ca.gov/,2026-07-22
purcac:WEB2520443368:32M28N06E01,pur-cac-plumas,northern-sierra,09/30/2025,2025,40.314155,-121.260451,Plumas,forestry,32253202150,VELPAR DF VU HERBICIDE,HEXAZINONE,112.5,lbs,85.91,,,,completed,https://calpip.cdpr.ca.gov/,2026-07-22
purcac:WEB2520353969:32M29N08E32,pur-cac-plumas,northern-sierra,10/12/2025,2025,40.32918,-121.108528,Plumas,forestry,32253202150,VELPAR DF VU HERBICIDE,HEXAZINONE,37.5,lbs,25.0,,,,completed,https://calpip.cdpr.ca.gov/,2026-07-22
purcac:WEB2520353951:32M28N08E06,pur-cac-plumas,northern-sierra,10/12/2025,2025,40.314434,-121.127436,Plumas,forestry,32253202150,VELPAR DF VU HERBICIDE,HEXAZINONE,247.5,lbs,165.0,,,,completed,https://calpip.cdpr.ca.gov/,2026-07-22
purcac:WEB2520353945:32M29N07E36,pur-cac-plumas,northern-sierra,10/12/2025,2025,40.328994,-121.146471,Plumas,forestry,32253202150,VELPAR DF VU HERBICIDE,HEXAZINONE,25.5,lbs,17.0,,,,completed,https://calpip.cdpr.ca.gov/,2026-07-22
purcac:WEB2520353964:32M29N08E30,pur-cac-plumas,northern-sierra,10/12/2025,2025,40.343728,-121.127512,Plumas,forestry,32253202150,VELPAR DF VU HERBICIDE,HEXAZINONE,141.0,lbs,94.0,,,,completed,https://calpip.cdpr.ca.gov/,2026-07-22
purcac:WEB2520353958:32M29N08E31,pur-cac-plumas,northern-sierra,10/12/2025,2025,40.329054,-121.127523,Plumas,forestry,32253202150,VELPAR DF VU HERBICIDE,HEXAZINONE,493.5,lbs,329.0,,,,completed,https://calpip.cdpr.ca.gov/,2026-07-22
purcac:WEB2520353948:32M28N08E05,pur-cac-plumas,northern-sierra,10/12/2025,2025,40.314541,-121.108473,Plumas,forestry,32253202150,VELPAR DF VU HERBICIDE,HEXAZINONE,30.0,lbs,20.0,,,,completed,https://calpip.cdpr.ca.gov/,2026-07-22
purcac:WEB2520346612:32M28N07E01,pur-cac-plumas,northern-sierra,10/11/2025,2025,40.31436,-121.146483,Plumas,forestry,32253202150,VELPAR DF VU HERBICIDE,HEXAZINONE,300.0,lbs,200.0,,,,completed,https://calpip.cdpr.ca.gov/,2026-07-22
purcac:WEB2520346611:32M29N07E36,pur-cac-plumas,northern-sierra,10/11/2025,2025,40.328994,-121.146471,Plumas,forestry,32253202150,VELPAR DF VU HERBICIDE,HEXAZINONE,172.5,lbs,115.0,,,,completed,https://calpip.cdpr.ca.gov/,2026-07-22
purcac:WEB2520404418:32M27N06E13,pur-cac-plumas,northern-sierra,10/04/2025,2025,40.197285,-121.259973,Plumas,forestry,32253200406,VELPAR DF VU HERBICIDE,HEXAZINONE,25.875,lbs,144.0,,,,completed,https://calpip.cdpr.ca.gov/,2026-07-22
purcac:WEB2520427094:32M27N06E13,pur-cac-plumas,northern-sierra,10/06/2025,2025,40.197285,-121.259973,Plumas,forestry,32253200406,VELPAR DF VU HERBICIDE,HEXAZINONE,16.875,lbs,98.0,,,,completed,https://calpip.cdpr.ca.gov/,2026-07-22
purcac:WEB2520427196:32M27N07E07,pur-cac-plumas,northern-sierra,10/06/2025,2025,40.212114,-121.241065,Plumas,forestry,32253200406,VELPAR DF VU HERBICIDE,HEXAZINONE,2.5875,lbs,15.0,,,,completed,https://calpip.cdpr.ca.gov/,2026-07-22
purcac:WEB2520427097:32M27N06E12,pur-cac-plumas,northern-sierra,10/06/2025,2025,40.212008,-121.259974,Plumas,forestry,32253200406,VELPAR DF VU HERBICIDE,HEXAZINONE,3.15,lbs,17.67,,,,completed,https://calpip.cdpr.ca.gov/,2026-07-22
purcac:WEB2520404404:32M27N06E12,pur-cac-plumas,northern-sierra,11/04/2025,2025,40.212008,-121.259974,Plumas,forestry,32253200406,VELPAR DF VU HERBICIDE,HEXAZINONE,288.0,lbs,130.5,,,,completed,https://calpip.cdpr.ca.gov/,2026-07-22
purcac:WEB2520404396:32M27N06E13,pur-cac-plumas,northern-sierra,10/03/2025,2025,40.197285,-121.259973,Plumas,forestry,32253200406,VELPAR DF VU HERBICIDE,HEXAZINONE,158.4,lbs,68.49,,,,completed,https://calpip.cdpr.ca.gov/,2026-07-22
purcac:WEB2520252496:32M25N09E06,pur-cac-plumas,northern-sierra,09/01/2025,2025,40.056178,-121.018841,Plumas,forestry,32253202150,DREXEL DUPLICATOR 6 HERBICIDE,"GLYPHOSATE, DIAMMONIUM SALT",151.3418,lbs,44.48,,,,completed,https://calpip.cdpr.ca.gov/,2026-07-22
purcac:WEB2520252524:32M25N09E06,pur-cac-plumas,northern-sierra,09/01/2025,2025,40.056178,-121.018841,Plumas,forestry,32253202150,DREXEL DUPLICATOR 6 HERBICIDE,"GLYPHOSATE, DIAMMONIUM SALT",86.481,lbs,44.48,,,,completed,https://calpip.cdpr.ca.gov/,2026-07-22
purcac:WEB2520252567:32M25N09E06,pur-cac-plumas,northern-sierra,09/02/2025,2025,40.056178,-121.018841,Plumas,forestry,32253202150,DREXEL DUPLICATOR 6 HERBICIDE,"GLYPHOSATE, DIAMMONIUM SALT",151.3418,lbs,35.0,,,,completed,https://calpip.cdpr.ca.gov/,2026-07-22
purcac:WEB2520252583:32M25N09E06,pur-cac-plumas,northern-sierra,09/02/2025,2025,40.056178,-121.018841,Plumas,forestry,32253202150,DREXEL DUPLICATOR 6 HERBICIDE,"GLYPHOSATE, DIAMMONIUM SALT",32.4304,lbs,35.0,,,,completed,https://calpip.cdpr.ca.gov/,2026-07-22
purcac:WEB2520252689:32M26N09E31,pur-cac-plumas,northern-sierra,09/02/2025,2025,40.068804,-121.013144,Plumas,forestry,32253202150,DREXEL DUPLICATOR 6 HERBICIDE,"GLYPHOSATE, DIAMMONIUM SALT",10.8101,lbs,5.82,,,,completed,https://calpip.cdpr.ca.gov/,2026-07-22
purcac:WEB2520252799:32M26N09E31,pur-cac-plumas,northern-sierra,09/02/2025,2025,40.068804,-121.013144,Plumas,forestry,32253202150,DREXEL DUPLICATOR 6 HERBICIDE,"GLYPHOSATE, DIAMMONIUM SALT",6.4861,lbs,5.82,,,,completed,https://calpip.cdpr.ca.gov/,2026-07-22
purcac:WEB2520252807:32M26N09E31,pur-cac-plumas,northern-sierra,09/04/2025,2025,40.068804,-121.013144,Plumas,forestry,32253202150,DREXEL DUPLICATOR 6 HERBICIDE,"GLYPHOSATE, DIAMMONIUM SALT",43.2405,lbs,10.0,,,,completed,https://calpip.cdpr.ca.gov/,2026-07-22
purcac:WEB2520252822:32M26N09E31,pur-cac-plumas,northern-sierra,09/04/2025,2025,40.068804,-121.013144,Plumas,forestry,32253202150,DREXEL DUPLICATOR 6 HERBICIDE,"GLYPHOSATE, DIAMMONIUM SALT",10.8101,lbs,10.0,,,,completed,https://calpip.cdpr.ca.gov/,2026-07-22
purcac:WEB2520252830:32M25N09E06,pur-cac-plumas,northern-sierra,09/04/2025,2025,40.056178,-121.018841,Plumas,forestry,32253202150,DREXEL DUPLICATOR 6 HERBICIDE,"GLYPHOSATE, DIAMMONIUM SALT",172.962,lbs,42.54,,,,completed,https://calpip.cdpr.ca.gov/,2026-07-22
purcac:WEB2520252911:32M25N09E06,pur-cac-plumas,northern-sierra,09/04/2025,2025,40.056178,-121.018841,Plumas,forestry,32253202150,DREXEL DUPLICATOR 6 HERBICIDE,"GLYPHOSATE, DIAMMONIUM SALT",43.2405,lbs,42.54,,,,completed,https://calpip.cdpr.ca.gov/,2026-07-22
purcac:WEB2520252920:32M25N09E06,pur-cac-plumas,northern-sierra,09/05/2025,2025,40.056178,-121.018841,Plumas,forestry,32253202150,DREXEL DUPLICATOR 6 HERBICIDE,"GLYPHOSATE, DIAMMONIUM SALT",162.1519,lbs,43.0,,,,completed,https://calpip.cdpr.ca.gov/,2026-07-22
purcac:WEB2520252941:32M25N09E06,pur-cac-plumas,northern-sierra,09/05/2025,2025,40.056178,-121.018841,Plumas,forestry,32253202150,DREXEL DUPLICATOR 6 HERBICIDE,"GLYPHOSATE, DIAMMONIUM SALT",54.0506,lbs,43.0,,,,completed,https://calpip.cdpr.ca.gov/,2026-07-22
purcac:07078-M26-APL:32M26N09E01,pur-cac-plumas,northern-sierra,03/27/2026,2026,40.141361,-120.919688,Plumas,ag,32260320765,CORNERSTONE 5 PLUS,"GLYPHOSATE, ISOPROPYLAMINE SALT",108.2471,lbs,80.0,,,,completed,https://calpip.cdpr.ca.gov/,2026-07-22
purcac:07079-M26-APL:32M26N09E01,pur-cac-plumas,northern-sierra,03/27/2026,2026,40.141361,-120.919688,Plumas,ag,32260320765,DREXEL DE-AMINE 4,"2,4-D, DIMETHYLAMINE SALT",316.0815,lbs,185.0,,,,completed,https://calpip.cdpr.ca.gov/,2026-07-22
purcac:WEB2621064645:32M23N11E10,pur-cac-plumas,northern-sierra,06/11/2026,2026,39.873031,-120.730971,Plumas,forestry,32263202150,DREXEL DUPLICATOR 6 HERBICIDE,"GLYPHOSATE, DIAMMONIUM SALT",16.2152,lbs,9.43,,,,completed,https://calpip.cdpr.ca.gov/,2026-07-22
purcac:WEB2519922734:32M28N07E30,pur-cac-plumas,northern-sierra,06/16/2025,2025,40.255895,-121.241391,Plumas,forestry,32253200406,DREXEL DUPLICATOR 6 HERBICIDE,"GLYPHOSATE, DIAMMONIUM SALT",410.7848,lbs,66.0,,,,completed,https://calpip.cdpr.ca.gov/,2026-07-22
purcac:WEB2519922790:32M28N07E32,pur-cac-plumas,northern-sierra,06/16/2025,2025,40.241381,-121.222428,Plumas,forestry,32253200406,DREXEL DUPLICATOR 6 HERBICIDE,"GLYPHOSATE, DIAMMONIUM SALT",162.1519,lbs,26.84,,,,completed,https://calpip.cdpr.ca.gov/,2026-07-22
purcac:WEB2519922526:32M28N06E24,pur-cac-plumas,northern-sierra,06/17/2025,2025,40.270313,-121.260542,Plumas,forestry,32253200406,DREXEL DUPLICATOR 6 HERBICIDE,"GLYPHOSATE, DIAMMONIUM SALT",129.7215,lbs,24.84,,,,completed,https://calpip.cdpr.ca.gov/,2026-07-22
purcac:WEB2519838483:32M29N08E30,pur-cac-plumas,northern-sierra,06/06/2025,2025,40.343728,-121.127512,Plumas,forestry,32253202150,DREXEL DUPLICATOR 6 HERBICIDE,"GLYPHOSATE, DIAMMONIUM SALT",75.6709,lbs,13.0,,,,completed,https://calpip.cdpr.ca.gov/,2026-07-22
purcac:WEB2519838665:32M22N11E02,pur-cac-plumas,northern-sierra,06/06/2025,2025,39.79978,-120.712427,Plumas,forestry,32253202150,DREXEL DUPLICATOR 6 HERBICIDE,"GLYPHOSATE, DIAMMONIUM SALT",43.2405,lbs,10.5,,,,completed,https://calpip.cdpr.ca.gov/,2026-07-22
purcac:WEB2519866886:32M23N11E20,pur-cac-plumas,northern-sierra,06/06/2025,2025,39.843222,-120.768587,Plumas,forestry,32253202150,DREXEL DUPLICATOR 6 HERBICIDE,"GLYPHOSATE, DIAMMONIUM SALT",194.5823,lbs,30.72,,,,completed,https://calpip.cdpr.ca.gov/,2026-07-22
purcac:WEB2519838048:32M28N06E25,pur-cac-plumas,northern-sierra,06/06/2025,2025,40.255615,-121.260417,Plumas,forestry,32253200406,DREXEL DUPLICATOR 6 HERBICIDE,"GLYPHOSATE, DIAMMONIUM SALT",1081.0128,lbs,202.0,,,,completed,https://calpip.cdpr.ca.gov/,2026-07-22
purcac:WEB2519839046:32M24N12E33,pur-cac-plumas,northern-sierra,06/07/2025,2025,39.902748,-120.635969,Plumas,forestry,32253202150,DREXEL DUPLICATOR 6 HERBICIDE,"GLYPHOSATE, DIAMMONIUM SALT",64.8608,lbs,17.08,,,,completed,https://calpip.cdpr.ca.gov/,2026-07-22
purcac:WEB2519839072:32M23N12E03,pur-cac-plumas,northern-sierra,06/07/2025,2025,39.887863,-120.617371,Plumas,forestry,32253202150,DREXEL DUPLICATOR 6 HERBICIDE,"GLYPHOSATE, DIAMMONIUM SALT",64.8608,lbs,17.87,,,,completed,https://calpip.cdpr.ca.gov/,2026-07-22
purcac:WEB2519866897:32M23N11E20,pur-cac-plumas,northern-sierra,06/09/2025,2025,39.843222,-120.768587,Plumas,forestry,32253202150,DREXEL DUPLICATOR 6 HERBICIDE,"GLYPHOSATE, DIAMMONIUM SALT",172.962,lbs,27.0,,,,completed,https://calpip.cdpr.ca.gov/,2026-07-22
purcac:WEB2519866905:32M23N11E20,pur-cac-plumas,northern-sierra,06/10/2025,2025,39.843222,-120.768587,Plumas,forestry,32253202150,DREXEL DUPLICATOR 6 HERBICIDE,"GLYPHOSATE, DIAMMONIUM SALT",118.9114,lbs,20.0,,,,completed,https://calpip.cdpr.ca.gov/,2026-07-22
purcac:WEB2519866906:32M23N11E21,pur-cac-plumas,northern-sierra,06/10/2025,2025,39.84332,-120.749985,Plumas,forestry,32253202150,DREXEL DUPLICATOR 6 HERBICIDE,"GLYPHOSATE, DIAMMONIUM SALT",75.6709,lbs,13.0,,,,completed,https://calpip.cdpr.ca.gov/,2026-07-22
purcac:WEB2519869886:32M27N06E24,pur-cac-plumas,northern-sierra,06/11/2025,2025,40.182707,-121.25989,Plumas,forestry,32253200406,DREXEL DUPLICATOR 6 HERBICIDE,"GLYPHOSATE, DIAMMONIUM SALT",540.5064,lbs,90.0,,,,completed,https://calpip.cdpr.ca.gov/,2026-07-22
purcac:WEB2519869901:32M28N06E25,pur-cac-plumas,northern-sierra,06/11/2025,2025,40.255615,-121.260417,Plumas,forestry,32253200406,DREXEL DUPLICATOR 6 HERBICIDE,"GLYPHOSATE, DIAMMONIUM SALT",32.4304,lbs,6.0,,,,completed,https://calpip.cdpr.ca.gov/,2026-07-22
purcac:WEB2519866907:32M23N11E16,pur-cac-plumas,northern-sierra,06/11/2025,2025,39.858101,-120.750076,Plumas,forestry,32253202150,DREXEL DUPLICATOR 6 HERBICIDE,"GLYPHOSATE, DIAMMONIUM SALT",216.2026,lbs,33.0,,,,completed,https://calpip.cdpr.ca.gov/,2026-07-22
purcac:WEB2519869925:32M26N09E19,pur-cac-plumas,northern-sierra,06/13/2025,2025,40.097728,-121.013503,Plumas,forestry,32253200406,DREXEL DUPLICATOR 6 HERBICIDE,"GLYPHOSATE, DIAMMONIUM SALT",497.2659,lbs,85.0,,,,completed,https://calpip.cdpr.ca.gov/,2026-07-22
purcac:WEB2519866908:32M23N11E16,pur-cac-plumas,northern-sierra,06/13/2025,2025,39.858101,-120.750076,Plumas,forestry,32253202150,DREXEL DUPLICATOR 6 HERBICIDE,"GLYPHOSATE, DIAMMONIUM SALT",21.6203,lbs,5.65,,,,completed,https://calpip.cdpr.ca.gov/,2026-07-22
purcac:WEB2519970609:32M29N08E31,pur-cac-plumas,northern-sierra,06/24/2025,2025,40.329054,-121.127523,Plumas,forestry,32253202150,DREXEL DUPLICATOR 6 HERBICIDE,"GLYPHOSATE, DIAMMONIUM SALT",21.6203,lbs,57.0,,,,completed,https://calpip.cdpr.ca.gov/,2026-07-22
purcac:WEB2519969585:32M23N11E36,pur-cac-plumas,northern-sierra,06/27/2025,2025,39.814506,-120.693253,Plumas,forestry,32253202150,DREXEL DUPLICATOR 6 HERBICIDE,"GLYPHOSATE, DIAMMONIUM SALT",108.1013,lbs,18.79,,,,completed,https://calpip.cdpr.ca.gov/,2026-07-22
purcac:WEB2519754713:32M28N08E05,pur-cac-plumas,northern-sierra,05/19/2025,2025,40.314541,-121.108473,Plumas,forestry,32253202150,DREXEL DUPLICATOR 6 HERBICIDE,"GLYPHOSATE, DIAMMONIUM SALT",313.4937,lbs,54.36,,,,completed,https://calpip.cdpr.ca.gov/,2026-07-22
purcac:WEB2519909220:32M29N07E31,pur-cac-plumas,northern-sierra,05/20/2025,2025,40.328742,-121.241706,Plumas,forestry,32253202150,DREXEL DUPLICATOR 6 HERBICIDE,"GLYPHOSATE, DIAMMONIUM SALT",54.0506,lbs,10.0,,,,completed,https://calpip.cdpr.ca.gov/,2026-07-22
purcac:WEB2519909455:32M29N07E31,pur-cac-plumas,northern-sierra,05/21/2025,2025,40.328742,-121.241706,Plumas,forestry,32253202150,DREXEL DUPLICATOR 6 HERBICIDE,"GLYPHOSATE, DIAMMONIUM SALT",43.2405,lbs,8.0,,,,completed,https://calpip.cdpr.ca.gov/,2026-07-22
purcac:WEB2519910034:32M29N07E31,pur-cac-plumas,northern-sierra,05/21/2025,2025,40.328742,-121.241706,Plumas,forestry,32253202150,DREXEL DUPLICATOR 6 HERBICIDE,"GLYPHOSATE, DIAMMONIUM SALT",54.0506,lbs,11.0,,,,completed,https://calpip.cdpr.ca.gov/,2026-07-22
purcac:WEB2519910046:32M29N07E31,pur-cac-plumas,northern-sierra,05/21/2025,2025,40.328742,-121.241706,Plumas,forestry,32253202150,DREXEL DUPLICATOR 6 HERBICIDE,"GLYPHOSATE, DIAMMONIUM SALT",5.4051,lbs,11.0,,,,completed,https://calpip.cdpr.ca.gov/,2026-07-22
purcac:WEB2519910051:32M29N07E31,pur-cac-plumas,northern-sierra,05/21/2025,2025,40.328742,-121.241706,Plumas,forestry,32253202150,DREXEL DUPLICATOR 6 HERBICIDE,"GLYPHOSATE, DIAMMONIUM SALT",54.0506,lbs,10.0,,,,completed,https://calpip.cdpr.ca.gov/,2026-07-22
purcac:WEB2519910061:32M29N07E31,pur-cac-plumas,northern-sierra,05/21/2025,2025,40.328742,-121.241706,Plumas,forestry,32253202150,DREXEL DUPLICATOR 6 HERBICIDE,"GLYPHOSATE, DIAMMONIUM SALT",5.4051,lbs,10.0,,,,completed,https://calpip.cdpr.ca.gov/,2026-07-22
purcac:WEB2519910162:32M29N07E31,pur-cac-plumas,northern-sierra,05/22/2025,2025,40.328742,-121.241706,Plumas,forestry,32253202150,DREXEL DUPLICATOR 6 HERBICIDE,"GLYPHOSATE, DIAMMONIUM SALT",97.2911,lbs,16.0,,,,completed,https://calpip.cdpr.ca.gov/,2026-07-22
purcac:WEB2519754621:32M28N07E31,pur-cac-plumas,northern-sierra,05/22/2025,2025,40.241308,-121.24129,Plumas,forestry,32253200406,DREXEL DUPLICATOR 6 HERBICIDE,"GLYPHOSATE, DIAMMONIUM SALT",902.6457,lbs,235.0,,,,completed,https://calpip.cdpr.ca.gov/,2026-07-22
purcac:WEB2519910168:32M29N07E31,pur-cac-plumas,northern-sierra,05/22/2025,2025,40.328742,-121.241706,Plumas,forestry,32253202150,DREXEL DUPLICATOR 6 HERBICIDE,"GLYPHOSATE, DIAMMONIUM SALT",8.6481,lbs,16.0,,,,completed,https://calpip.cdpr.ca.gov/,2026-07-22
purcac:WEB2519910177:32M29N07E31,pur-cac-plumas,northern-sierra,05/22/2025,2025,40.328742,-121.241706,Plumas,forestry,32253202150,DREXEL DUPLICATOR 6 HERBICIDE,"GLYPHOSATE, DIAMMONIUM SALT",103.7772,lbs,20.54,,,,completed,https://calpip.cdpr.ca.gov/,2026-07-22
purcac:WEB2519910223:32M29N07E31,pur-cac-plumas,northern-sierra,05/22/2025,2025,40.328742,-121.241706,Plumas,forestry,32253202150,DREXEL DUPLICATOR 6 HERBICIDE,"GLYPHOSATE, DIAMMONIUM SALT",6.4861,lbs,20.54,,,,completed,https://calpip.cdpr.ca.gov/,2026-07-22
purcac:WEB2519910228:32M29N07E31,pur-cac-plumas,northern-sierra,05/23/2025,2025,40.328742,-121.241706,Plumas,forestry,32253202150,DREXEL DUPLICATOR 6 HERBICIDE,"GLYPHOSATE, DIAMMONIUM SALT",108.1013,lbs,23.0,,,,completed,https://calpip.cdpr.ca.gov/,2026-07-22
purcac:WEB2519754637:32M28N06E25,pur-cac-plumas,northern-sierra,05/24/2025,2025,40.255615,-121.260417,Plumas,forestry,32253200406,DREXEL DUPLICATOR 6 HERBICIDE,"GLYPHOSATE, DIAMMONIUM SALT",437.8102,lbs,115.0,,,,completed,https://calpip.cdpr.ca.gov/,2026-07-22
purcac:WEB2519786014:32M28N07E01,pur-cac-plumas,northern-sierra,05/27/2025,2025,40.31436,-121.146483,Plumas,forestry,32253202150,DREXEL DUPLICATOR 6 HERBICIDE,"GLYPHOSATE, DIAMMONIUM SALT",648.6077,lbs,107.57,,,,completed,https://calpip.cdpr.ca.gov/,2026-07-22
purcac:WEB2519806023:32M23N11E04,pur-cac-plumas,northern-sierra,05/29/2025,2025,39.887386,-120.749408,Plumas,forestry,32253202150,DREXEL DUPLICATOR 6 HERBICIDE,"GLYPHOSATE, DIAMMONIUM SALT",172.962,lbs,35.46,,,,completed,https://calpip.cdpr.ca.gov/,2026-07-22
purcac:WEB2519786040:32M28N07E01,pur-cac-plumas,northern-sierra,05/30/2025,2025,40.31436,-121.146483,Plumas,forestry,32253202150,DREXEL DUPLICATOR 6 HERBICIDE,"GLYPHOSATE, DIAMMONIUM SALT",54.0506,lbs,107.57,,,,completed,https://calpip.cdpr.ca.gov/,2026-07-22
purcac:WEB2519785845:32M28N06E25,pur-cac-plumas,northern-sierra,05/30/2025,2025,40.255615,-121.260417,Plumas,forestry,32253200406,DREXEL DUPLICATOR 6 HERBICIDE,"GLYPHOSATE, DIAMMONIUM SALT",1026.9621,lbs,189.0,,,,completed,https://calpip.cdpr.ca.gov/,2026-07-22
purcac:WEB2519785970:32M29N08E31,pur-cac-plumas,northern-sierra,05/30/2025,2025,40.329054,-121.127523,Plumas,forestry,32253202150,DREXEL DUPLICATOR 6 HERBICIDE,"GLYPHOSATE, DIAMMONIUM SALT",86.481,lbs,84.28,,,,completed,https://calpip.cdpr.ca.gov/,2026-07-22
purcac:WEB2519866845:32M23N11E04,pur-cac-plumas,northern-sierra,06/02/2025,2025,39.887386,-120.749408,Plumas,forestry,32253202150,DREXEL DUPLICATOR 6 HERBICIDE,"GLYPHOSATE, DIAMMONIUM SALT",86.481,lbs,17.76,,,,completed,https://calpip.cdpr.ca.gov/,2026-07-22
purcac:WEB2519866851:32M23N11E09,pur-cac-plumas,northern-sierra,06/02/2025,2025,39.872773,-120.749585,Plumas,forestry,32253202150,DREXEL DUPLICATOR 6 HERBICIDE,"GLYPHOSATE, DIAMMONIUM SALT",86.481,lbs,16.92,,,,completed,https://calpip.cdpr.ca.gov/,2026-07-22
purcac:WEB2519866865:32M23N11E04,pur-cac-plumas,northern-sierra,06/03/2025,2025,39.887386,-120.749408,Plumas,forestry,32253202150,DREXEL DUPLICATOR 6 HERBICIDE,"GLYPHOSATE, DIAMMONIUM SALT",32.4304,lbs,5.1,,,,completed,https://calpip.cdpr.ca.gov/,2026-07-22
purcac:WEB2519866866:32M23N11E09,pur-cac-plumas,northern-sierra,06/03/2025,2025,39.872773,-120.749585,Plumas,forestry,32253202150,DREXEL DUPLICATOR 6 HERBICIDE,"GLYPHOSATE, DIAMMONIUM SALT",97.2911,lbs,15.0,,,,completed,https://calpip.cdpr.ca.gov/,2026-07-22
purcac:WEB2519866867:32M23N11E09,pur-cac-plumas,northern-sierra,06/04/2025,2025,39.872773,-120.749585,Plumas,forestry,32253202150,DREXEL DUPLICATOR 6 HERBICIDE,"GLYPHOSATE, DIAMMONIUM SALT",32.4304,lbs,5.68,,,,completed,https://calpip.cdpr.ca.gov/,2026-07-22
purcac:WEB2519866868:32M23N11E10,pur-cac-plumas,northern-sierra,06/04/2025,2025,39.873031,-120.730971,Plumas,forestry,32253202150,DREXEL DUPLICATOR 6 HERBICIDE,"GLYPHOSATE, DIAMMONIUM SALT",118.9114,lbs,18.87,,,,completed,https://calpip.cdpr.ca.gov/,2026-07-22
purcac:WEB2519838466:32M29N08E31,pur-cac-plumas,northern-sierra,06/04/2025,2025,40.329054,-121.127523,Plumas,forestry,32253202150,DREXEL DUPLICATOR 6 HERBICIDE,"GLYPHOSATE, DIAMMONIUM SALT",1081.0128,lbs,171.53,,,,completed,https://calpip.cdpr.ca.gov/,2026-07-22
purcac:WEB2519866871:32M23N11E09,pur-cac-plumas,northern-sierra,06/05/2025,2025,39.872773,-120.749585,Plumas,forestry,32253202150,DREXEL DUPLICATOR 6 HERBICIDE,"GLYPHOSATE, DIAMMONIUM SALT",86.481,lbs,14.71,,,,completed,https://calpip.cdpr.ca.gov/,2026-07-22
purcac:WEB2519838576:32M23N12E09,pur-cac-plumas,northern-sierra,06/05/2025,2025,39.872899,-120.636848,Plumas,forestry,32253202150,DREXEL DUPLICATOR 6 HERBICIDE,"GLYPHOSATE, DIAMMONIUM SALT",21.6203,lbs,17.06,,,,completed,https://calpip.cdpr.ca.gov/,2026-07-22
purcac:WEB2519838617:32M23N12E04,pur-cac-plumas,northern-sierra,06/05/2025,2025,39.887797,-120.636303,Plumas,forestry,32253202150,DREXEL DUPLICATOR 6 HERBICIDE,"GLYPHOSATE, DIAMMONIUM SALT",281.0633,lbs,77.69,,,,completed,https://calpip.cdpr.ca.gov/,2026-07-22
purcac:WEB2519866874:32M23N11E20,pur-cac-plumas,northern-sierra,06/05/2025,2025,39.843222,-120.768587,Plumas,forestry,32253202150,DREXEL DUPLICATOR 6 HERBICIDE,"GLYPHOSATE, DIAMMONIUM SALT",32.4304,lbs,5.0,,,,completed,https://calpip.cdpr.ca.gov/,2026-07-22
purcac:WEB2520210248:32M27N06E31,pur-cac-plumas,northern-sierra,08/22/2025,2025,40.153688,-121.354373,Plumas,forestry,32253202150,DREXEL DUPLICATOR 6 HERBICIDE,"GLYPHOSATE, DIAMMONIUM SALT",248.6329,lbs,29.87,,,,completed,https://calpip.cdpr.ca.gov/,2026-07-22
purcac:WEB2520201346:32M25N08E01,pur-cac-plumas,northern-sierra,08/22/2025,2025,40.056017,-121.03766,Plumas,forestry,32253202150,DREXEL DUPLICATOR 6 HERBICIDE,"GLYPHOSATE, DIAMMONIUM SALT",518.8861,lbs,79.09,,,,completed,https://calpip.cdpr.ca.gov/,2026-07-22
purcac:WEB2520225935:32M25N08E01,pur-cac-plumas,northern-sierra,08/25/2025,2025,40.056017,-121.03766,Plumas,forestry,32253202150,DREXEL DUPLICATOR 6 HERBICIDE,"GLYPHOSATE, DIAMMONIUM SALT",162.1519,lbs,24.78,,,,completed,https://calpip.cdpr.ca.gov/,2026-07-22
purcac:WEB2520230577:32M27N06E31,pur-cac-plumas,northern-sierra,08/25/2025,2025,40.153688,-121.354373,Plumas,forestry,32253202150,DREXEL DUPLICATOR 6 HERBICIDE,"GLYPHOSATE, DIAMMONIUM SALT",108.1013,lbs,13.22,,,,completed,https://calpip.cdpr.ca.gov/,2026-07-22
purcac:WEB2520230603:32M27N06E31,pur-cac-plumas,northern-sierra,08/25/2025,2025,40.153688,-121.354373,Plumas,forestry,32253202150,DREXEL DUPLICATOR 6 HERBICIDE,"GLYPHOSATE, DIAMMONIUM SALT",140.5317,lbs,17.1,,,,completed,https://calpip.cdpr.ca.gov/,2026-07-22
purcac:WEB2520238609:32M27N06E31,pur-cac-plumas,northern-sierra,08/27/2025,2025,40.153688,-121.354373,Plumas,forestry,32253202150,DREXEL DUPLICATOR 6 HERBICIDE,"GLYPHOSATE, DIAMMONIUM SALT",108.1013,lbs,15.0,,,,completed,https://calpip.cdpr.ca.gov/,2026-07-22
purcac:WEB2520238640:32M27N06E31,pur-cac-plumas,northern-sierra,08/28/2025,2025,40.153688,-121.354373,Plumas,forestry,32253202150,DREXEL DUPLICATOR 6 HERBICIDE,"GLYPHOSATE, DIAMMONIUM SALT",194.5823,lbs,25.0,,,,completed,https://calpip.cdpr.ca.gov/,2026-07-22
purcac:WEB2520225969:32M26N09E30,pur-cac-plumas,northern-sierra,08/28/2025,2025,40.083204,-121.013312,Plumas,forestry,32253202150,DREXEL DUPLICATOR 6 HERBICIDE,"GLYPHOSATE, DIAMMONIUM SALT",778.3292,lbs,120.0,,,,completed,https://calpip.cdpr.ca.gov/,2026-07-22
purcac:WEB2520225982:32M26N09E31,pur-cac-plumas,northern-sierra,08/29/2025,2025,40.068804,-121.013144,Plumas,forestry,32253202150,DREXEL DUPLICATOR 6 HERBICIDE,"GLYPHOSATE, DIAMMONIUM SALT",194.5823,lbs,29.96,,,,completed,https://calpip.cdpr.ca.gov/,2026-07-22
purcac:WEB2520223122:32M21N08E15,pur-cac-plumas,northern-sierra,08/11/2025,2025,39.679856,-121.071363,Plumas,forestry,32253200530,DREXEL DUPLICATOR 6 HERBICIDE,"GLYPHOSATE, DIAMMONIUM SALT",8.1076,lbs,5.53,,,,completed,https://calpip.cdpr.ca.gov/,2026-07-22
purcac:WEB2520223127:32M21N08E15,pur-cac-plumas,northern-sierra,08/11/2025,2025,39.679856,-121.071363,Plumas,forestry,32253200530,DREXEL DUPLICATOR 6 HERBICIDE,"GLYPHOSATE, DIAMMONIUM SALT",35.6734,lbs,19.17,,,,completed,https://calpip.cdpr.ca.gov/,2026-07-22
purcac:WEB2520223180:32M21N08E15,pur-cac-plumas,northern-sierra,08/11/2025,2025,39.679856,-121.071363,Plumas,forestry,32253200530,DREXEL DUPLICATOR 6 HERBICIDE,"GLYPHOSATE, DIAMMONIUM SALT",35.6734,lbs,19.0,,,,completed,https://calpip.cdpr.ca.gov/,2026-07-22
purcac:WEB2520186707:32M25N08E01,pur-cac-plumas,northern-sierra,08/11/2025,2025,40.056017,-121.03766,Plumas,forestry,32253202150,DREXEL DUPLICATOR 6 HERBICIDE,"GLYPHOSATE, DIAMMONIUM SALT",291.8734,lbs,45.0,,,,completed,https://calpip.cdpr.ca.gov/,2026-07-22
purcac:WEB2520149563:32M22N08E35,pur-cac-plumas,northern-sierra,08/04/2025,2025,39.723251,-121.053819,Plumas,forestry,32253200530,DREXEL DUPLICATOR 6 HERBICIDE,"GLYPHOSATE, DIAMMONIUM SALT",475.6456,lbs,110.5,,,,completed,https://calpip.cdpr.ca.gov/,2026-07-22
purcac:WEB2520223748:32M21N08E22,pur-cac-plumas,northern-sierra,08/07/2025,2025,39.665112,-121.07159,Plumas,forestry,32253200530,DREXEL DUPLICATOR 6 HERBICIDE,"GLYPHOSATE, DIAMMONIUM SALT",43.2405,lbs,16.21,,,,completed,https://calpip.cdpr.ca.gov/,2026-07-22
purcac:WEB2520223749:32M21N08E27,pur-cac-plumas,northern-sierra,08/07/2025,2025,39.650317,-121.071862,Plumas,forestry,32253200530,DREXEL DUPLICATOR 6 HERBICIDE,"GLYPHOSATE, DIAMMONIUM SALT",23.7823,lbs,8.94,,,,completed,https://calpip.cdpr.ca.gov/,2026-07-22
purcac:WEB2520159222:32M27N06E34,pur-cac-plumas,northern-sierra,08/07/2025,2025,40.153771,-121.297575,Plumas,forestry,32253202150,DREXEL DUPLICATOR 6 HERBICIDE,"GLYPHOSATE, DIAMMONIUM SALT",172.962,lbs,40.0,,,,completed,https://calpip.cdpr.ca.gov/,2026-07-22
purcac:WEB2520140398:32M25N08E01,pur-cac-plumas,northern-sierra,08/08/2025,2025,40.056017,-121.03766,Plumas,forestry,32253202150,DREXEL DUPLICATOR 6 HERBICIDE,"GLYPHOSATE, DIAMMONIUM SALT",85.1298,lbs,15.97,,,,completed,https://calpip.cdpr.ca.gov/,2026-07-22
purcac:WEB2520223750:32M21N08E22,pur-cac-plumas,northern-sierra,08/08/2025,2025,39.665112,-121.07159,Plumas,forestry,32253200530,DREXEL DUPLICATOR 6 HERBICIDE,"GLYPHOSATE, DIAMMONIUM SALT",47.5646,lbs,17.85,,,,completed,https://calpip.cdpr.ca.gov/,2026-07-22
purcac:WEB2520223751:32M21N08E27,pur-cac-plumas,northern-sierra,08/08/2025,2025,39.650317,-121.071862,Plumas,forestry,32253200530,DREXEL DUPLICATOR 6 HERBICIDE,"GLYPHOSATE, DIAMMONIUM SALT",10.8101,lbs,4.23,,,,completed,https://calpip.cdpr.ca.gov/,2026-07-22
purcac:WEB2520159241:32M27N06E34,pur-cac-plumas,northern-sierra,08/08/2025,2025,40.153771,-121.297575,Plumas,forestry,32253202150,DREXEL DUPLICATOR 6 HERBICIDE,"GLYPHOSATE, DIAMMONIUM SALT",129.7215,lbs,30.0,,,,completed,https://calpip.cdpr.ca.gov/,2026-07-22
purcac:WEB2520223752:32M21N08E27,pur-cac-plumas,northern-sierra,08/09/2025,2025,39.650317,-121.071862,Plumas,forestry,32253200530,DREXEL DUPLICATOR 6 HERBICIDE,"GLYPHOSATE, DIAMMONIUM SALT",41.0785,lbs,15.76,,,,completed,https://calpip.cdpr.ca.gov/,2026-07-22
purcac:WEB2520223753:32M21N08E27,pur-cac-plumas,northern-sierra,08/09/2025,2025,39.650317,-121.071862,Plumas,forestry,32253200530,DREXEL DUPLICATOR 6 HERBICIDE,"GLYPHOSATE, DIAMMONIUM SALT",20.5392,lbs,7.89,,,,completed,https://calpip.cdpr.ca.gov/,2026-07-22
purcac:WEB2520223097:32M21N08E28,pur-cac-plumas,northern-sierra,08/10/2025,2025,39.650262,-121.0908,Plumas,forestry,32253200530,DREXEL DUPLICATOR 6 HERBICIDE,"GLYPHOSATE, DIAMMONIUM SALT",19.4582,lbs,7.78,,,,completed,https://calpip.cdpr.ca.gov/,2026-07-22
purcac:WEB2520223104:32M21N08E23,pur-cac-plumas,northern-sierra,08/10/2025,2025,39.66526,-121.053392,Plumas,forestry,32253200530,DREXEL DUPLICATOR 6 HERBICIDE,"GLYPHOSATE, DIAMMONIUM SALT",25.9443,lbs,11.41,,,,completed,https://calpip.cdpr.ca.gov/,2026-07-22
purcac:WEB2520223109:32M21N08E14,pur-cac-plumas,northern-sierra,08/10/2025,2025,39.680004,-121.053192,Plumas,forestry,32253200530,DREXEL DUPLICATOR 6 HERBICIDE,"GLYPHOSATE, DIAMMONIUM SALT",6.4861,lbs,2.78,,,,completed,https://calpip.cdpr.ca.gov/,2026-07-22
purcac:WEB2520223118:32M21N08E14,pur-cac-plumas,northern-sierra,08/10/2025,2025,39.680004,-121.053192,Plumas,forestry,32253200530,DREXEL DUPLICATOR 6 HERBICIDE,"GLYPHOSATE, DIAMMONIUM SALT",6.0537,lbs,2.53,,,,completed,https://calpip.cdpr.ca.gov/,2026-07-22
purcac:WEB2520158994:32M27N06E34,pur-cac-plumas,northern-sierra,08/05/2025,2025,40.153771,-121.297575,Plumas,forestry,32253202150,DREXEL DUPLICATOR 6 HERBICIDE,"GLYPHOSATE, DIAMMONIUM SALT",129.7215,lbs,30.0,,,,completed,https://calpip.cdpr.ca.gov/,2026-07-22
purcac:WEB2520223744:32M20N08E10,pur-cac-plumas,northern-sierra,08/05/2025,2025,39.608337,-121.070788,Plumas,forestry,32253200530,DREXEL DUPLICATOR 6 HERBICIDE,"GLYPHOSATE, DIAMMONIUM SALT",21.6203,lbs,8.33,,,,completed,https://calpip.cdpr.ca.gov/,2026-07-22
purcac:WEB2520223745:32M20N08E10,pur-cac-plumas,northern-sierra,08/05/2025,2025,39.608337,-121.070788,Plumas,forestry,32253200530,DREXEL DUPLICATOR 6 HERBICIDE,"GLYPHOSATE, DIAMMONIUM SALT",32.4304,lbs,11.97,,,,completed,https://calpip.cdpr.ca.gov/,2026-07-22
purcac:WEB2520149585:32M21N08E10,pur-cac-plumas,northern-sierra,08/05/2025,2025,39.694384,-121.071646,Plumas,forestry,32253200530,DREXEL DUPLICATOR 6 HERBICIDE,"GLYPHOSATE, DIAMMONIUM SALT",951.2912,lbs,219.86,,,,completed,https://calpip.cdpr.ca.gov/,2026-07-22
purcac:WEB2520149610:32M22N08E26,pur-cac-plumas,northern-sierra,08/06/2025,2025,39.737763,-121.053973,Plumas,forestry,32253200530,DREXEL DUPLICATOR 6 HERBICIDE,"GLYPHOSATE, DIAMMONIUM SALT",64.8608,lbs,19.0,,,,completed,https://calpip.cdpr.ca.gov/,2026-07-22
purcac:WEB2520149621:32M21N08E03,pur-cac-plumas,northern-sierra,08/06/2025,2025,39.708596,-121.072202,Plumas,forestry,32253200530,DREXEL DUPLICATOR 6 HERBICIDE,"GLYPHOSATE, DIAMMONIUM SALT",129.7215,lbs,25.15,,,,completed,https://calpip.cdpr.ca.gov/,2026-07-22
purcac:WEB2520223746:32M20N08E10,pur-cac-plumas,northern-sierra,08/06/2025,2025,39.608337,-121.070788,Plumas,forestry,32253200530,DREXEL DUPLICATOR 6 HERBICIDE,"GLYPHOSATE, DIAMMONIUM SALT",41.0785,lbs,17.68,,,,completed,https://calpip.cdpr.ca.gov/,2026-07-22
purcac:WEB2520223747:32M21N08E22,pur-cac-plumas,northern-sierra,08/06/2025,2025,39.665112,-121.07159,Plumas,forestry,32253200530,DREXEL DUPLICATOR 6 HERBICIDE,"GLYPHOSATE, DIAMMONIUM SALT",7.5671,lbs,3.14,,,,completed,https://calpip.cdpr.ca.gov/,2026-07-22
purcac:WEB2520159140:32M27N06E34,pur-cac-plumas,northern-sierra,08/06/2025,2025,40.153771,-121.297575,Plumas,forestry,32253202150,DREXEL DUPLICATOR 6 HERBICIDE,"GLYPHOSATE, DIAMMONIUM SALT",172.962,lbs,40.0,,,,completed,https://calpip.cdpr.ca.gov/,2026-07-22
purcac:WEB2520114219:32M26N09E27,pur-cac-plumas,northern-sierra,07/31/2025,2025,40.083273,-120.957323,Plumas,forestry,32253202150,DREXEL DUPLICATOR 6 HERBICIDE,"GLYPHOSATE, DIAMMONIUM SALT",662.1203,lbs,118.46,,,,completed,https://calpip.cdpr.ca.gov/,2026-07-22
purcac:WEB2520149475:32M21N08E09,pur-cac-plumas,northern-sierra,07/29/2025,2025,39.694094,-121.090429,Plumas,forestry,32253200530,DREXEL DUPLICATOR 6 HERBICIDE,"GLYPHOSATE, DIAMMONIUM SALT",562.1266,lbs,131.02,,,,completed,https://calpip.cdpr.ca.gov/,2026-07-22
purcac:WEB2520095141:32M27N06E32,pur-cac-plumas,northern-sierra,07/29/2025,2025,40.153751,-121.33537,Plumas,forestry,32253202150,DREXEL DUPLICATOR 6 HERBICIDE,"GLYPHOSATE, DIAMMONIUM SALT",194.5823,lbs,45.0,,,,completed,https://calpip.cdpr.ca.gov/,2026-07-22
purcac:WEB2520149497:32M21N08E04,pur-cac-plumas,northern-sierra,07/30/2025,2025,39.708389,-121.091002,Plumas,forestry,32253200530,DREXEL DUPLICATOR 6 HERBICIDE,"GLYPHOSATE, DIAMMONIUM SALT",291.8734,lbs,68.0,,,,completed,https://calpip.cdpr.ca.gov/,2026-07-22
purcac:WEB2520095264:32M27N06E32,pur-cac-plumas,northern-sierra,07/30/2025,2025,40.153751,-121.33537,Plumas,forestry,32253202150,DREXEL DUPLICATOR 6 HERBICIDE,"GLYPHOSATE, DIAMMONIUM SALT",118.9114,lbs,28.06,,,,completed,https://calpip.cdpr.ca.gov/,2026-07-22
purcac:WEB2520149440:32M21N08E02,pur-cac-plumas,northern-sierra,07/27/2025,2025,39.70886,-121.053497,Plumas,forestry,32253200530,DREXEL DUPLICATOR 6 HERBICIDE,"GLYPHOSATE, DIAMMONIUM SALT",237.8228,lbs,56.6,,,,completed,https://calpip.cdpr.ca.gov/,2026-07-22
purcac:WEB2520149430:32M22N08E35,pur-cac-plumas,northern-sierra,07/28/2025,2025,39.723251,-121.053819,Plumas,forestry,32253200530,DREXEL DUPLICATOR 6 HERBICIDE,"GLYPHOSATE, DIAMMONIUM SALT",475.6456,lbs,110.2,,,,completed,https://calpip.cdpr.ca.gov/,2026-07-22
purcac:WEB2519970646:32M22N11E02,pur-cac-plumas,northern-sierra,07/04/2025,2025,39.79978,-120.712427,Plumas,forestry,32253202150,DREXEL DUPLICATOR 6 HERBICIDE,"GLYPHOSATE, DIAMMONIUM SALT",172.962,lbs,33.09,,,,completed,https://calpip.cdpr.ca.gov/,2026-07-22
purcac:WEB2519970688:32M22N09E03,pur-cac-plumas,northern-sierra,07/04/2025,2025,39.797387,-120.961816,Plumas,forestry,32253202150,DREXEL DUPLICATOR 6 HERBICIDE,"GLYPHOSATE, DIAMMONIUM SALT",54.0506,lbs,9.14,,,,completed,https://calpip.cdpr.ca.gov/,2026-07-22
purcac:WEB2621064675:32M23N11E14,pur-cac-plumas,northern-sierra,06/11/2026,2026,39.858367,-120.712145,Plumas,forestry,32263202150,DREXEL DUPLICATOR 6 HERBICIDE,"GLYPHOSATE, DIAMMONIUM SALT",86.481,lbs,53.02,,,,completed,https://calpip.cdpr.ca.gov/,2026-07-22
purcac:WEB2520071086:32M21N08E09,pur-cac-plumas,northern-sierra,07/23/2025,2025,39.694094,-121.090429,Plumas,forestry,32253200530,DREXEL DUPLICATOR 6 HERBICIDE,"GLYPHOSATE, DIAMMONIUM SALT",259.4431,lbs,62.19,,,,completed,https://calpip.cdpr.ca.gov/,2026-07-22
purcac:WEB2520068274:32M27N06E28,pur-cac-plumas,northern-sierra,07/23/2025,2025,40.1682,-121.31662,Plumas,forestry,32253202150,DREXEL DUPLICATOR 6 HERBICIDE,"GLYPHOSATE, DIAMMONIUM SALT",562.1266,lbs,132.84,,,,completed,https://calpip.cdpr.ca.gov/,2026-07-22
purcac:WEB2520071174:32M21N08E16,pur-cac-plumas,northern-sierra,07/24/2025,2025,39.679421,-121.089985,Plumas,forestry,32253200530,DREXEL DUPLICATOR 6 HERBICIDE,"GLYPHOSATE, DIAMMONIUM SALT",410.7848,lbs,101.44,,,,completed,https://calpip.cdpr.ca.gov/,2026-07-22
purcac:WEB2520065205:32M26N09E22,pur-cac-plumas,northern-sierra,07/21/2025,2025,40.097839,-120.957385,Plumas,forestry,32253202150,DREXEL DUPLICATOR 6 HERBICIDE,"GLYPHOSATE, DIAMMONIUM SALT",170.2595,lbs,31.48,,,,completed,https://calpip.cdpr.ca.gov/,2026-07-22
purcac:WEB2520068172:32M27N06E29,pur-cac-plumas,northern-sierra,07/16/2025,2025,40.16822,-121.335585,Plumas,forestry,32253202150,DREXEL DUPLICATOR 6 HERBICIDE,"GLYPHOSATE, DIAMMONIUM SALT",540.5064,lbs,90.45,,,,completed,https://calpip.cdpr.ca.gov/,2026-07-22
purcac:WEB2520068217:32M27N06E29,pur-cac-plumas,northern-sierra,07/17/2025,2025,40.16822,-121.335585,Plumas,forestry,32253202150,DREXEL DUPLICATOR 6 HERBICIDE,"GLYPHOSATE, DIAMMONIUM SALT",291.8734,lbs,77.83,,,,completed,https://calpip.cdpr.ca.gov/,2026-07-22
purcac:WEB2520045538:32M28N06E14,pur-cac-plumas,northern-sierra,07/18/2025,2025,40.284999,-121.279841,Plumas,forestry,32253200406,DREXEL DUPLICATOR 6 HERBICIDE,"GLYPHOSATE, DIAMMONIUM SALT",216.2026,lbs,31.0,,,,completed,https://calpip.cdpr.ca.gov/,2026-07-22
purcac:WEB2520045577:32M28N06E07,pur-cac-plumas,northern-sierra,07/18/2025,2025,40.297886,-121.352874,Plumas,forestry,32253200406,DREXEL DUPLICATOR 6 HERBICIDE,"GLYPHOSATE, DIAMMONIUM SALT",189.1772,lbs,30.0,,,,completed,https://calpip.cdpr.ca.gov/,2026-07-22
purcac:WEB2520041260:32M26N09E20,pur-cac-plumas,northern-sierra,07/18/2025,2025,40.097702,-120.994713,Plumas,forestry,32253202150,DREXEL DUPLICATOR 6 HERBICIDE,"GLYPHOSATE, DIAMMONIUM SALT",340.519,lbs,63.12,,,,completed,https://calpip.cdpr.ca.gov/,2026-07-22
purcac:WEB2520068237:32M27N06E28,pur-cac-plumas,northern-sierra,07/18/2025,2025,40.1682,-121.31662,Plumas,forestry,32253202150,DREXEL DUPLICATOR 6 HERBICIDE,"GLYPHOSATE, DIAMMONIUM SALT",594.557,lbs,111.72,,,,completed,https://calpip.cdpr.ca.gov/,2026-07-22
purcac:WEB2520017491:32M27N08E11,pur-cac-plumas,northern-sierra,07/04/2025,2025,40.213077,-121.051858,Plumas,forestry,32253202150,DREXEL DUPLICATOR 6 HERBICIDE,"GLYPHOSATE, DIAMMONIUM SALT",1081.0128,lbs,167.59,,,,completed,https://calpip.cdpr.ca.gov/,2026-07-22
purcac:WEB2520017573:32M27N07E16,pur-cac-plumas,northern-sierra,07/07/2025,2025,40.197707,-121.202865,Plumas,forestry,32253202150,DREXEL DUPLICATOR 6 HERBICIDE,"GLYPHOSATE, DIAMMONIUM SALT",475.6456,lbs,80.0,,,,completed,https://calpip.cdpr.ca.gov/,2026-07-22
purcac:WEB2520017611:32M27N07E21,pur-cac-plumas,northern-sierra,07/08/2025,2025,40.183366,-121.202611,Plumas,forestry,32253202150,DREXEL DUPLICATOR 6 HERBICIDE,"GLYPHOSATE, DIAMMONIUM SALT",259.4431,lbs,55.58,,,,completed,https://calpip.cdpr.ca.gov/,2026-07-22
purcac:WEB2520006357:32M28N06E24,pur-cac-plumas,northern-sierra,07/09/2025,2025,40.270313,-121.260542,Plumas,forestry,32253200406,DREXEL DUPLICATOR 6 HERBICIDE,"GLYPHOSATE, DIAMMONIUM SALT",81.076,lbs,23.77,,,,completed,https://calpip.cdpr.ca.gov/,2026-07-22
purcac:WEB2520017653:32M27N06E29,pur-cac-plumas,northern-sierra,07/09/2025,2025,40.16822,-121.335585,Plumas,forestry,32253202150,DREXEL DUPLICATOR 6 HERBICIDE,"GLYPHOSATE, DIAMMONIUM SALT",626.9874,lbs,146.0,,,,completed,https://calpip.cdpr.ca.gov/,2026-07-22
purcac:WEB2520017710:32M27N06E28,pur-cac-plumas,northern-sierra,07/10/2025,2025,40.1682,-121.31662,Plumas,forestry,32253202150,DREXEL DUPLICATOR 6 HERBICIDE,"GLYPHOSATE, DIAMMONIUM SALT",399.9747,lbs,95.0,,,,completed,https://calpip.cdpr.ca.gov/,2026-07-22
purcac:WEB2520006314:32M28N06E14,pur-cac-plumas,northern-sierra,07/11/2025,2025,40.284999,-121.279841,Plumas,forestry,32253200406,DREXEL DUPLICATOR 6 HERBICIDE,"GLYPHOSATE, DIAMMONIUM SALT",1026.9621,lbs,133.65,,,,completed,https://calpip.cdpr.ca.gov/,2026-07-22
purcac:WEB2519969361:32M27N08E12,pur-cac-plumas,northern-sierra,06/30/2025,2025,40.213182,-121.032985,Plumas,forestry,32253202150,DREXEL DUPLICATOR 6 HERBICIDE,"GLYPHOSATE, DIAMMONIUM SALT",756.7089,lbs,125.97,,,,completed,https://calpip.cdpr.ca.gov/,2026-07-22
purcac:WEB2519961530:32M28N06E23,pur-cac-plumas,northern-sierra,06/30/2025,2025,40.270332,-121.279707,Plumas,forestry,32253200406,DREXEL DUPLICATOR 6 HERBICIDE,"GLYPHOSATE, DIAMMONIUM SALT",648.6077,lbs,120.0,,,,completed,https://calpip.cdpr.ca.gov/,2026-07-22
purcac:WEB2519969380:32M27N08E01,pur-cac-plumas,northern-sierra,06/30/2025,2025,40.227553,-121.033017,Plumas,forestry,32253202150,DREXEL DUPLICATOR 6 HERBICIDE,"GLYPHOSATE, DIAMMONIUM SALT",129.7215,lbs,29.15,,,,completed,https://calpip.cdpr.ca.gov/,2026-07-22
purcac:WEB2519961740:32M28N06E24,pur-cac-plumas,northern-sierra,07/01/2025,2025,40.270313,-121.260542,Plumas,forestry,32253200406,DREXEL DUPLICATOR 6 HERBICIDE,"GLYPHOSATE, DIAMMONIUM SALT",64.8608,lbs,11.19,,,,completed,https://calpip.cdpr.ca.gov/,2026-07-22
purcac:WEB2519961769:32M28N06E14,pur-cac-plumas,northern-sierra,07/01/2025,2025,40.284999,-121.279841,Plumas,forestry,32253200406,DREXEL DUPLICATOR 6 HERBICIDE,"GLYPHOSATE, DIAMMONIUM SALT",16.2152,lbs,2.67,,,,completed,https://calpip.cdpr.ca.gov/,2026-07-22
purcac:WEB2519961944:32M21N07E13,pur-cac-plumas,northern-sierra,07/01/2025,2025,39.678479,-121.145531,Plumas,forestry,32253200530,DREXEL DUPLICATOR 6 HERBICIDE,"GLYPHOSATE, DIAMMONIUM SALT",64.8608,lbs,56.0,,,,completed,https://calpip.cdpr.ca.gov/,2026-07-22
purcac:WEB2519969442:32M28N07E01,pur-cac-plumas,northern-sierra,07/01/2025,2025,40.31436,-121.146483,Plumas,forestry,32253202150,DREXEL DUPLICATOR 6 HERBICIDE,"GLYPHOSATE, DIAMMONIUM SALT",864.8102,lbs,142.43,,,,completed,https://calpip.cdpr.ca.gov/,2026-07-22
purcac:WEB2519961977:32M21N08E18,pur-cac-plumas,northern-sierra,07/01/2025,2025,39.67925,-121.127551,Plumas,forestry,32253200530,DREXEL DUPLICATOR 6 HERBICIDE,"GLYPHOSATE, DIAMMONIUM SALT",16.2152,lbs,9.33,,,,completed,https://calpip.cdpr.ca.gov/,2026-07-22
purcac:WEB2519969478:32M29N07E36,pur-cac-plumas,northern-sierra,07/02/2025,2025,40.328994,-121.146471,Plumas,forestry,32253202150,DREXEL DUPLICATOR 6 HERBICIDE,"GLYPHOSATE, DIAMMONIUM SALT",497.2659,lbs,86.0,,,,completed,https://calpip.cdpr.ca.gov/,2026-07-22
purcac:WEB2519969509:32M27N08E01,pur-cac-plumas,northern-sierra,07/03/2025,2025,40.227553,-121.033017,Plumas,forestry,32253202150,DREXEL DUPLICATOR 6 HERBICIDE,"GLYPHOSATE, DIAMMONIUM SALT",756.7089,lbs,119.7,,,,completed,https://calpip.cdpr.ca.gov/,2026-07-22
purcac:WEB2519922612:32M28N06E02,pur-cac-plumas,northern-sierra,06/18/2025,2025,40.314211,-121.279213,Plumas,forestry,32253200406,DREXEL DUPLICATOR 6 HERBICIDE,"GLYPHOSATE, DIAMMONIUM SALT",194.5823,lbs,35.8,,,,completed,https://calpip.cdpr.ca.gov/,2026-07-22
purcac:WEB2519970168:32M29N08E30,pur-cac-plumas,northern-sierra,06/24/2025,2025,40.343728,-121.127512,Plumas,forestry,32253202150,DREXEL DUPLICATOR 6 HERBICIDE,"GLYPHOSATE, DIAMMONIUM SALT",626.9874,lbs,102.33,,,,completed,https://calpip.cdpr.ca.gov/,2026-07-22
purcac:WEB2519970576:32M29N08E30,pur-cac-plumas,northern-sierra,06/24/2025,2025,40.343728,-121.127512,Plumas,forestry,32253202150,DREXEL DUPLICATOR 6 HERBICIDE,"GLYPHOSATE, DIAMMONIUM SALT",118.9114,lbs,96.94,,,,completed,https://calpip.cdpr.ca.gov/,2026-07-22
purcac:WEB2621033479:32M28N06E11,pur-cac-plumas,northern-sierra,06/10/2026,2026,40.299578,-121.279754,Plumas,forestry,32263200406,DREXEL DUPLICATOR 6 HERBICIDE,"GLYPHOSATE, DIAMMONIUM SALT",281.0633,lbs,55.0,,,,completed,https://calpip.cdpr.ca.gov/,2026-07-22
purcac:WEB2621033518:32M28N06E11,pur-cac-plumas,northern-sierra,06/12/2026,2026,40.299578,-121.279754,Plumas,forestry,32263200406,DREXEL DUPLICATOR 6 HERBICIDE,"GLYPHOSATE, DIAMMONIUM SALT",432.4051,lbs,50.0,,,,completed,https://calpip.cdpr.ca.gov/,2026-07-22
purcac:WEB2621077486:32M28N06E11,pur-cac-plumas,northern-sierra,06/15/2026,2026,40.299578,-121.279754,Plumas,forestry,32263200406,DREXEL DUPLICATOR 6 HERBICIDE,"GLYPHOSATE, DIAMMONIUM SALT",259.4431,lbs,50.0,,,,completed,https://calpip.cdpr.ca.gov/,2026-07-22
purcac:WEB2621077499:32M28N06E11,pur-cac-plumas,northern-sierra,06/16/2026,2026,40.299578,-121.279754,Plumas,forestry,32263200406,DREXEL DUPLICATOR 6 HERBICIDE,"GLYPHOSATE, DIAMMONIUM SALT",259.4431,lbs,50.0,,,,completed,https://calpip.cdpr.ca.gov/,2026-07-22
purcac:WEB2621077512:32M28N06E11,pur-cac-plumas,northern-sierra,06/17/2026,2026,40.299578,-121.279754,Plumas,forestry,32263200406,DREXEL DUPLICATOR 6 HERBICIDE,"GLYPHOSATE, DIAMMONIUM SALT",64.8608,lbs,26.0,,,,completed,https://calpip.cdpr.ca.gov/,2026-07-22
purcac:WEB2519922556:32M28N06E11,pur-cac-plumas,northern-sierra,06/17/2025,2025,40.299578,-121.279754,Plumas,forestry,32253200406,DREXEL DUPLICATOR 6 HERBICIDE,"GLYPHOSATE, DIAMMONIUM SALT",301.6026,lbs,56.61,,,,completed,https://calpip.cdpr.ca.gov/,2026-07-22
purcac:WEB2519922894:32M28N06E11,pur-cac-plumas,northern-sierra,06/27/2025,2025,40.299578,-121.279754,Plumas,forestry,32253200406,DREXEL DUPLICATOR 6 HERBICIDE,"GLYPHOSATE, DIAMMONIUM SALT",1486.3925,lbs,247.6,,,,completed,https://calpip.cdpr.ca.gov/,2026-07-22
purcac:WEB2520070575:32M28N06E11,pur-cac-plumas,northern-sierra,07/21/2025,2025,40.299578,-121.279754,Plumas,forestry,32253200406,DREXEL DUPLICATOR 6 HERBICIDE,"GLYPHOSATE, DIAMMONIUM SALT",108.1013,lbs,19.0,,,,completed,https://calpip.cdpr.ca.gov/,2026-07-22
purcac:WEB2621033504:32M28N06E11,pur-cac-plumas,northern-sierra,06/11/2026,2026,40.299578,-121.279754,Plumas,forestry,32263200406,DREXEL DUPLICATOR 6 HERBICIDE,"GLYPHOSATE, DIAMMONIUM SALT",259.4431,lbs,50.0,,,,completed,https://calpip.cdpr.ca.gov/,2026-07-22
purcac:WEB2520068322:32M27N06E33,pur-cac-plumas,northern-sierra,07/24/2025,2025,40.153785,-121.316437,Plumas,forestry,32253202150,DREXEL DUPLICATOR 6 HERBICIDE,"GLYPHOSATE, DIAMMONIUM SALT",810.7596,lbs,161.63,,,,completed,https://calpip.cdpr.ca.gov/,2026-07-22
purcac:WEB2520068349:32M27N06E33,pur-cac-plumas,northern-sierra,07/25/2025,2025,40.153785,-121.316437,Plumas,forestry,32253202150,DREXEL DUPLICATOR 6 HERBICIDE,"GLYPHOSATE, DIAMMONIUM SALT",75.6709,lbs,14.0,,,,completed,https://calpip.cdpr.ca.gov/,2026-07-22
purcac:WEB2520095005:32M27N06E33,pur-cac-plumas,northern-sierra,07/28/2025,2025,40.153785,-121.316437,Plumas,forestry,32253202150,DREXEL DUPLICATOR 6 HERBICIDE,"GLYPHOSATE, DIAMMONIUM SALT",172.962,lbs,40.0,,,,completed,https://calpip.cdpr.ca.gov/,2026-07-22
purcac:WEB2520095421:32M27N06E33,pur-cac-plumas,northern-sierra,07/31/2025,2025,40.153785,-121.316437,Plumas,forestry,32253202150,DREXEL DUPLICATOR 6 HERBICIDE,"GLYPHOSATE, DIAMMONIUM SALT",237.8228,lbs,54.04,,,,completed,https://calpip.cdpr.ca.gov/,2026-07-22
purcac:WEB2520158933:32M27N06E33,pur-cac-plumas,northern-sierra,08/04/2025,2025,40.153785,-121.316437,Plumas,forestry,32253202150,DREXEL DUPLICATOR 6 HERBICIDE,"GLYPHOSATE, DIAMMONIUM SALT",194.5823,lbs,45.0,,,,completed,https://calpip.cdpr.ca.gov/,2026-07-22
purcac:WEB2520140250:32M26N09E11,pur-cac-plumas,northern-sierra,08/05/2025,2025,40.126884,-120.938721,Plumas,forestry,32253202150,DREXEL DUPLICATOR 6 HERBICIDE,"GLYPHOSATE, DIAMMONIUM SALT",378.3545,lbs,79.26,,,,completed,https://calpip.cdpr.ca.gov/,2026-07-22
purcac:WEB2520140382:32M26N09E14,pur-cac-plumas,northern-sierra,08/06/2025,2025,40.112348,-120.9387,Plumas,forestry,32253202150,DREXEL DUPLICATOR 6 HERBICIDE,"GLYPHOSATE, DIAMMONIUM SALT",567.5317,lbs,106.49,,,,completed,https://calpip.cdpr.ca.gov/,2026-07-22
purcac:WEB2520095568:32M27N06E33,pur-cac-plumas,northern-sierra,08/01/2025,2025,40.153785,-121.316437,Plumas,forestry,32253202150,DREXEL DUPLICATOR 6 HERBICIDE,"GLYPHOSATE, DIAMMONIUM SALT",183.7722,lbs,42.41,,,,completed,https://calpip.cdpr.ca.gov/,2026-07-22
purcac:WEB2520114236:32M26N09E11,pur-cac-plumas,northern-sierra,08/01/2025,2025,40.126884,-120.938721,Plumas,forestry,32253202150,DREXEL DUPLICATOR 6 HERBICIDE,"GLYPHOSATE, DIAMMONIUM SALT",378.3545,lbs,72.81,,,,completed,https://calpip.cdpr.ca.gov/,2026-07-22
purcac:WEB2520095638:32M27N06E33,pur-cac-plumas,northern-sierra,08/01/2025,2025,40.153785,-121.316437,Plumas,forestry,32253202150,DREXEL DUPLICATOR 6 HERBICIDE,"GLYPHOSATE, DIAMMONIUM SALT",32.4304,lbs,8.0,,,,completed,https://calpip.cdpr.ca.gov/,2026-07-22
purcac:WEB2520095666:32M27N06E33,pur-cac-plumas,northern-sierra,08/02/2025,2025,40.153785,-121.316437,Plumas,forestry,32253202150,DREXEL DUPLICATOR 6 HERBICIDE,"GLYPHOSATE, DIAMMONIUM SALT",194.5823,lbs,45.0,,,,completed,https://calpip.cdpr.ca.gov/,2026-07-22
purcac:WEB2520178188:32M27N06E33,pur-cac-plumas,northern-sierra,08/11/2025,2025,40.153785,-121.316437,Plumas,forestry,32253202150,DREXEL DUPLICATOR 6 HERBICIDE,"GLYPHOSATE, DIAMMONIUM SALT",151.3418,lbs,35.0,,,,completed,https://calpip.cdpr.ca.gov/,2026-07-22
purcac:WEB2520380697:32M21N08E04,pur-cac-plumas,northern-sierra,10/24/2025,2025,39.708389,-121.091002,Plumas,forestry,32253200530,DREXEL DUPLICATOR 6 HERBICIDE,"GLYPHOSATE, DIAMMONIUM SALT",129.7215,lbs,60.0,,,,completed,https://calpip.cdpr.ca.gov/,2026-07-22
purcac:WEB2520394327:32M21N08E04,pur-cac-plumas,northern-sierra,10/28/2025,2025,39.708389,-121.091002,Plumas,forestry,32253200530,DREXEL DUPLICATOR 6 HERBICIDE,"GLYPHOSATE, DIAMMONIUM SALT",410.7848,lbs,121.6,,,,completed,https://calpip.cdpr.ca.gov/,2026-07-22
purcac:WEB2520394347:32M21N08E03,pur-cac-plumas,northern-sierra,10/30/2025,2025,39.708596,-121.072202,Plumas,forestry,32253200530,DREXEL DUPLICATOR 6 HERBICIDE,"GLYPHOSATE, DIAMMONIUM SALT",259.4431,lbs,100.6,,,,completed,https://calpip.cdpr.ca.gov/,2026-07-22
purcac:WEB2520178232:32M27N06E33,pur-cac-plumas,northern-sierra,08/12/2025,2025,40.153785,-121.316437,Plumas,forestry,32253202150,DREXEL DUPLICATOR 6 HERBICIDE,"GLYPHOSATE, DIAMMONIUM SALT",37.8354,lbs,8.9,,,,completed,https://calpip.cdpr.ca.gov/,2026-07-22
purcac:WEB2520178260:32M27N06E33,pur-cac-plumas,northern-sierra,08/12/2025,2025,40.153785,-121.316437,Plumas,forestry,32253202150,DREXEL DUPLICATOR 6 HERBICIDE,"GLYPHOSATE, DIAMMONIUM SALT",35.6734,lbs,8.36,,,,completed,https://calpip.cdpr.ca.gov/,2026-07-22
purcac:WEB2520095319:32M27N06E33,pur-cac-plumas,northern-sierra,07/30/2025,2025,40.153785,-121.316437,Plumas,forestry,32253202150,DREXEL DUPLICATOR 6 HERBICIDE,"GLYPHOSATE, DIAMMONIUM SALT",81.076,lbs,18.76,,,,completed,https://calpip.cdpr.ca.gov/,2026-07-22
purcac:WEB2520250724:32M26N09E30,pur-cac-plumas,northern-sierra,09/05/2025,2025,40.083204,-121.013312,Plumas,forestry,32253202150,DREXEL DUPLICATOR 6 HERBICIDE,"GLYPHOSATE, DIAMMONIUM SALT",54.0506,lbs,13.0,,,,completed,https://calpip.cdpr.ca.gov/,2026-07-22
purcac:WEB2520317461:32M24N12E07,pur-cac-plumas,northern-sierra,09/08/2025,2025,39.960518,-120.674562,Plumas,forestry,32253202150,DREXEL DUPLICATOR 6 HERBICIDE,"GLYPHOSATE, DIAMMONIUM SALT",291.8734,lbs,69.26,,,,completed,https://calpip.cdpr.ca.gov/,2026-07-22
purcac:WEB2520223187:32M21N08E15,pur-cac-plumas,northern-sierra,08/12/2025,2025,39.679856,-121.071363,Plumas,forestry,32253200530,DREXEL DUPLICATOR 6 HERBICIDE,"GLYPHOSATE, DIAMMONIUM SALT",63.2392,lbs,40.0,,,,completed,https://calpip.cdpr.ca.gov/,2026-07-22
purcac:WEB2520178313:32M27N06E34,pur-cac-plumas,northern-sierra,08/12/2025,2025,40.153771,-121.297575,Plumas,forestry,32253202150,DREXEL DUPLICATOR 6 HERBICIDE,"GLYPHOSATE, DIAMMONIUM SALT",94.0481,lbs,21.93,,,,completed,https://calpip.cdpr.ca.gov/,2026-07-22
purcac:WEB2520223202:32M21N08E15,pur-cac-plumas,northern-sierra,08/13/2025,2025,39.679856,-121.071363,Plumas,forestry,32253200530,DREXEL DUPLICATOR 6 HERBICIDE,"GLYPHOSATE, DIAMMONIUM SALT",68.1038,lbs,40.0,,,,completed,https://calpip.cdpr.ca.gov/,2026-07-22
purcac:WEB2520178333:32M27N06E32,pur-cac-plumas,northern-sierra,08/13/2025,2025,40.153751,-121.33537,Plumas,forestry,32253202150,DREXEL DUPLICATOR 6 HERBICIDE,"GLYPHOSATE, DIAMMONIUM SALT",151.3418,lbs,34.96,,,,completed,https://calpip.cdpr.ca.gov/,2026-07-22
purcac:WEB2520178338:32M27N06E32,pur-cac-plumas,northern-sierra,08/14/2025,2025,40.153751,-121.33537,Plumas,forestry,32253202150,DREXEL DUPLICATOR 6 HERBICIDE,"GLYPHOSATE, DIAMMONIUM SALT",172.962,lbs,40.0,,,,completed,https://calpip.cdpr.ca.gov/,2026-07-22
purcac:WEB2520223219:32M21N07E14,pur-cac-plumas,northern-sierra,08/14/2025,2025,39.678527,-121.163117,Plumas,forestry,32253200530,DREXEL DUPLICATOR 6 HERBICIDE,"GLYPHOSATE, DIAMMONIUM SALT",63.2392,lbs,40.0,,,,completed,https://calpip.cdpr.ca.gov/,2026-07-22
purcac:WEB2520178378:32M27N06E32,pur-cac-plumas,northern-sierra,08/15/2025,2025,40.153751,-121.33537,Plumas,forestry,32253202150,DREXEL DUPLICATOR 6 HERBICIDE,"GLYPHOSATE, DIAMMONIUM SALT",172.962,lbs,40.0,,,,completed,https://calpip.cdpr.ca.gov/,2026-07-22
purcac:WEB2520178415:32M27N06E32,pur-cac-plumas,northern-sierra,08/16/2025,2025,40.153751,-121.33537,Plumas,forestry,32253202150,DREXEL DUPLICATOR 6 HERBICIDE,"GLYPHOSATE, DIAMMONIUM SALT",151.3418,lbs,52.54,,,,completed,https://calpip.cdpr.ca.gov/,2026-07-22
purcac:WEB2520178436:32M27N06E32,pur-cac-plumas,northern-sierra,08/16/2025,2025,40.153751,-121.33537,Plumas,forestry,32253202150,DREXEL DUPLICATOR 6 HERBICIDE,"GLYPHOSATE, DIAMMONIUM SALT",77.8329,lbs,18.23,,,,completed,https://calpip.cdpr.ca.gov/,2026-07-22
purcac:WEB2520210102:32M27N06E32,pur-cac-plumas,northern-sierra,08/18/2025,2025,40.153751,-121.33537,Plumas,forestry,32253202150,DREXEL DUPLICATOR 6 HERBICIDE,"GLYPHOSATE, DIAMMONIUM SALT",302.6836,lbs,69.73,,,,completed,https://calpip.cdpr.ca.gov/,2026-07-22
purcac:WEB2520210143:32M27N06E32,pur-cac-plumas,northern-sierra,08/19/2025,2025,40.153751,-121.33537,Plumas,forestry,32253202150,DREXEL DUPLICATOR 6 HERBICIDE,"GLYPHOSATE, DIAMMONIUM SALT",302.6836,lbs,69.0,,,,completed,https://calpip.cdpr.ca.gov/,2026-07-22
purcac:WEB2520210164:32M27N06E31,pur-cac-plumas,northern-sierra,08/20/2025,2025,40.153688,-121.354373,Plumas,forestry,32253202150,DREXEL DUPLICATOR 6 HERBICIDE,"GLYPHOSATE, DIAMMONIUM SALT",259.4431,lbs,30.0,,,,completed,https://calpip.cdpr.ca.gov/,2026-07-22
purcac:WEB2520210191:32M27N06E31,pur-cac-plumas,northern-sierra,08/21/2025,2025,40.153688,-121.354373,Plumas,forestry,32253202150,DREXEL DUPLICATOR 6 HERBICIDE,"GLYPHOSATE, DIAMMONIUM SALT",259.4431,lbs,30.0,,,,completed,https://calpip.cdpr.ca.gov/,2026-07-22
purcac:WEB2520248228:32M21N08E17,pur-cac-plumas,northern-sierra,09/02/2025,2025,39.67934,-121.109063,Plumas,forestry,32253200530,DREXEL DUPLICATOR 6 HERBICIDE,"GLYPHOSATE, DIAMMONIUM SALT",172.962,lbs,75.0,,,,completed,https://calpip.cdpr.ca.gov/,2026-07-22
purcac:WEB2520248237:32M21N08E09,pur-cac-plumas,northern-sierra,09/03/2025,2025,39.694094,-121.090429,Plumas,forestry,32253200530,DREXEL DUPLICATOR 6 HERBICIDE,"GLYPHOSATE, DIAMMONIUM SALT",183.7722,lbs,79.7,,,,completed,https://calpip.cdpr.ca.gov/,2026-07-22
purcac:WEB2520250662:32M26N09E31,pur-cac-plumas,northern-sierra,09/01/2025,2025,40.068804,-121.013144,Plumas,forestry,32253202150,DREXEL DUPLICATOR 6 HERBICIDE,"GLYPHOSATE, DIAMMONIUM SALT",745.8988,lbs,172.79,,,,completed,https://calpip.cdpr.ca.gov/,2026-07-22
purcac:WEB2520317505:32M24N11E12,pur-cac-plumas,northern-sierra,09/10/2025,2025,39.960318,-120.693467,Plumas,forestry,32253202150,DREXEL DUPLICATOR 6 HERBICIDE,"GLYPHOSATE, DIAMMONIUM SALT",356.7342,lbs,41.0,,,,completed,https://calpip.cdpr.ca.gov/,2026-07-22
purcac:WEB2520317027:32M21N08E09,pur-cac-plumas,northern-sierra,09/15/2025,2025,39.694094,-121.090429,Plumas,forestry,32253200530,DREXEL DUPLICATOR 6 HERBICIDE,"GLYPHOSATE, DIAMMONIUM SALT",188.0962,lbs,35.0,,,,completed,https://calpip.cdpr.ca.gov/,2026-07-22
purcac:WEB2520317060:32M21N08E08,pur-cac-plumas,northern-sierra,09/17/2025,2025,39.693881,-121.109133,Plumas,forestry,32253200530,DREXEL DUPLICATOR 6 HERBICIDE,"GLYPHOSATE, DIAMMONIUM SALT",356.7342,lbs,76.4,,,,completed,https://calpip.cdpr.ca.gov/,2026-07-22
purcac:WEB2520149541:32M21N08E16,pur-cac-plumas,northern-sierra,07/30/2025,2025,39.679421,-121.089985,Plumas,forestry,32253200530,DREXEL DUPLICATOR 6 HERBICIDE,"GLYPHOSATE, DIAMMONIUM SALT",324.3038,lbs,74.11,,,,completed,https://calpip.cdpr.ca.gov/,2026-07-22
purcac:WEB2520317096:32M22N08E26,pur-cac-plumas,northern-sierra,09/26/2025,2025,39.737763,-121.053973,Plumas,forestry,32253200530,DREXEL DUPLICATOR 6 HERBICIDE,"GLYPHOSATE, DIAMMONIUM SALT",735.0887,lbs,135.04,,,,completed,https://calpip.cdpr.ca.gov/,2026-07-22
purcac:WEB2520317215:32M22N08E17,pur-cac-plumas,northern-sierra,09/24/2025,2025,39.766123,-121.110258,Plumas,forestry,32253200530,DREXEL DUPLICATOR 6 HERBICIDE,"GLYPHOSATE, DIAMMONIUM SALT",54.0506,lbs,10.76,,,,completed,https://calpip.cdpr.ca.gov/,2026-07-22
purcac:WEB2520317244:32M22N08E22,pur-cac-plumas,northern-sierra,09/24/2025,2025,39.752303,-121.072885,Plumas,forestry,32253200530,DREXEL DUPLICATOR 6 HERBICIDE,"GLYPHOSATE, DIAMMONIUM SALT",64.8608,lbs,12.05,,,,completed,https://calpip.cdpr.ca.gov/,2026-07-22
purcac:WEB2520317164:32M22N08E16,pur-cac-plumas,northern-sierra,09/22/2025,2025,39.766558,-121.091601,Plumas,forestry,32253200530,DREXEL DUPLICATOR 6 HERBICIDE,"GLYPHOSATE, DIAMMONIUM SALT",302.6836,lbs,55.74,,,,completed,https://calpip.cdpr.ca.gov/,2026-07-22
purcac:WEB2520317183:32M22N08E27,pur-cac-plumas,northern-sierra,09/22/2025,2025,39.737575,-121.072762,Plumas,forestry,32253200530,DREXEL DUPLICATOR 6 HERBICIDE,"GLYPHOSATE, DIAMMONIUM SALT",75.6709,lbs,14.64,,,,completed,https://calpip.cdpr.ca.gov/,2026-07-22
purcac:WEB2621032942:32M29N05E27,pur-cac-plumas,northern-sierra,06/09/2026,2026,40.347161,-121.41063,Plumas,forestry,32263200406,DREXEL DUPLICATOR 6 HERBICIDE,"GLYPHOSATE, DIAMMONIUM SALT",237.8228,lbs,64.0,,,,completed,https://calpip.cdpr.ca.gov/,2026-07-22
purcac:WEB2620922760:32M29N06E35,pur-cac-plumas,northern-sierra,05/22/2026,2026,40.328978,-121.279055,Plumas,forestry,32263200406,DREXEL DUPLICATOR 6 HERBICIDE,"GLYPHOSATE, DIAMMONIUM SALT",194.5823,lbs,23.0,,,,completed,https://calpip.cdpr.ca.gov/,2026-07-22
purcac:WEB2620931154:32M27N09E17,pur-cac-plumas,northern-sierra,05/22/2026,2026,40.199236,-120.994642,Plumas,forestry,32263200406,DREXEL DUPLICATOR 6 HERBICIDE,"GLYPHOSATE, DIAMMONIUM SALT",778.3292,lbs,183.0,,,,completed,https://calpip.cdpr.ca.gov/,2026-07-22
purcac:WEB2620950445:32M29N06E35,pur-cac-plumas,northern-sierra,05/25/2026,2026,40.328978,-121.279055,Plumas,forestry,32263200406,DREXEL DUPLICATOR 6 HERBICIDE,"GLYPHOSATE, DIAMMONIUM SALT",129.7215,lbs,15.0,,,,completed,https://calpip.cdpr.ca.gov/,2026-07-22
purcac:WEB2620950458:32M27N07E08,pur-cac-plumas,northern-sierra,05/25/2026,2026,40.212174,-121.222269,Plumas,forestry,32263200406,DREXEL DUPLICATOR 6 HERBICIDE,"GLYPHOSATE, DIAMMONIUM SALT",86.481,lbs,30.0,,,,completed,https://calpip.cdpr.ca.gov/,2026-07-22
purcac:WEB2620986156:32M27N07E05,pur-cac-plumas,northern-sierra,06/01/2026,2026,40.226883,-121.222298,Plumas,forestry,32263200406,DREXEL DUPLICATOR 6 HERBICIDE,"GLYPHOSATE, DIAMMONIUM SALT",281.0633,lbs,85.0,,,,completed,https://calpip.cdpr.ca.gov/,2026-07-22
purcac:WEB2620986193:32M29N06E35,pur-cac-plumas,northern-sierra,06/02/2026,2026,40.328978,-121.279055,Plumas,forestry,32263200406,DREXEL DUPLICATOR 6 HERBICIDE,"GLYPHOSATE, DIAMMONIUM SALT",259.4431,lbs,28.75,,,,completed,https://calpip.cdpr.ca.gov/,2026-07-22
purcac:WEB2620986210:32M29N06E35,pur-cac-plumas,northern-sierra,06/03/2026,2026,40.328978,-121.279055,Plumas,forestry,32263200406,DREXEL DUPLICATOR 6 HERBICIDE,"GLYPHOSATE, DIAMMONIUM SALT",259.4431,lbs,28.75,,,,completed,https://calpip.cdpr.ca.gov/,2026-07-22
purcac:WEB2620986227:32M29N06E35,pur-cac-plumas,northern-sierra,06/04/2026,2026,40.328978,-121.279055,Plumas,forestry,32263200406,DREXEL DUPLICATOR 6 HERBICIDE,"GLYPHOSATE, DIAMMONIUM SALT",259.4431,lbs,28.75,,,,completed,https://calpip.cdpr.ca.gov/,2026-07-22
purcac:WEB2620986259:32M29N06E35,pur-cac-plumas,northern-sierra,06/05/2026,2026,40.328978,-121.279055,Plumas,forestry,32263200406,DREXEL DUPLICATOR 6 HERBICIDE,"GLYPHOSATE, DIAMMONIUM SALT",259.4431,lbs,28.75,,,,completed,https://calpip.cdpr.ca.gov/,2026-07-22
purcac:WEB2620986299:32M29N05E27,pur-cac-plumas,northern-sierra,06/06/2026,2026,40.347161,-121.41063,Plumas,forestry,32263200406,DREXEL DUPLICATOR 6 HERBICIDE,"GLYPHOSATE, DIAMMONIUM SALT",216.2026,lbs,50.0,,,,completed,https://calpip.cdpr.ca.gov/,2026-07-22
purcac:WEB2621032892:32M29N05E27,pur-cac-plumas,northern-sierra,06/08/2026,2026,40.347161,-121.41063,Plumas,forestry,32263200406,DREXEL DUPLICATOR 6 HERBICIDE,"GLYPHOSATE, DIAMMONIUM SALT",194.5823,lbs,45.0,,,,completed,https://calpip.cdpr.ca.gov/,2026-07-22
purcac:WEB2621133580:32M24N11E20,pur-cac-plumas,northern-sierra,07/02/2026,2026,39.931321,-120.768665,Plumas,forestry,32263202150,DREXEL DUPLICATOR 6 HERBICIDE,"GLYPHOSATE, DIAMMONIUM SALT",81.076,lbs,10.46,,,,completed,https://calpip.cdpr.ca.gov/,2026-07-22
purcac:WEB2621133385:32M27N07E06,pur-cac-plumas,northern-sierra,07/02/2026,2026,40.226804,-121.241204,Plumas,forestry,32263200406,DREXEL DUPLICATOR 6 HERBICIDE,"GLYPHOSATE, DIAMMONIUM SALT",216.2026,lbs,41.0,,,,completed,https://calpip.cdpr.ca.gov/,2026-07-22
purcac:WEB2621133438:32M28N07E31,pur-cac-plumas,northern-sierra,07/02/2026,2026,40.241308,-121.24129,Plumas,forestry,32263200406,DREXEL DUPLICATOR 6 HERBICIDE,"GLYPHOSATE, DIAMMONIUM SALT",43.2405,lbs,20.0,,,,completed,https://calpip.cdpr.ca.gov/,2026-07-22
purcac:WEB2621133626:32M24N11E28,pur-cac-plumas,northern-sierra,07/02/2026,2026,39.916688,-120.749589,Plumas,forestry,32263202150,DREXEL DUPLICATOR 6 HERBICIDE,"GLYPHOSATE, DIAMMONIUM SALT",81.076,lbs,10.0,,,,completed,https://calpip.cdpr.ca.gov/,2026-07-22
purcac:WEB2621133466:32M28N07E31,pur-cac-plumas,northern-sierra,07/03/2026,2026,40.241308,-121.24129,Plumas,forestry,32263200406,DREXEL DUPLICATOR 6 HERBICIDE,"GLYPHOSATE, DIAMMONIUM SALT",237.8228,lbs,62.0,,,,completed,https://calpip.cdpr.ca.gov/,2026-07-22
purcac:WEB2621133644:32M24N11E28,pur-cac-plumas,northern-sierra,07/03/2026,2026,39.916688,-120.749589,Plumas,forestry,32263202150,DREXEL DUPLICATOR 6 HERBICIDE,"GLYPHOSATE, DIAMMONIUM SALT",154.0443,lbs,18.75,,,,completed,https://calpip.cdpr.ca.gov/,2026-07-22
purcac:WEB2621168252:32M22N08E31,pur-cac-plumas,northern-sierra,07/03/2026,2026,39.722174,-121.1273,Plumas,forestry,32263200530,DREXEL DUPLICATOR 6 HERBICIDE,"GLYPHOSATE, DIAMMONIUM SALT",259.4431,lbs,63.0,,,,completed,https://calpip.cdpr.ca.gov/,2026-07-22
purcac:WEB2620735122:32M24N11E18,pur-cac-plumas,northern-sierra,04/02/2026,2026,39.945977,-120.79052,Plumas,forestry,32263202150,DREXEL DUPLICATOR 6 HERBICIDE,"GLYPHOSATE, DIAMMONIUM SALT",97.2911,lbs,24.64,,,,completed,https://calpip.cdpr.ca.gov/,2026-07-22
purcac:WEB2620735108:32M24N11E07,pur-cac-plumas,northern-sierra,04/03/2026,2026,39.960551,-120.790683,Plumas,forestry,32263202150,DREXEL DUPLICATOR 6 HERBICIDE,"GLYPHOSATE, DIAMMONIUM SALT",129.7215,lbs,30.86,,,,completed,https://calpip.cdpr.ca.gov/,2026-07-22
purcac:WEB2620790606:32M24N11E20,pur-cac-plumas,northern-sierra,04/06/2026,2026,39.931321,-120.768665,Plumas,forestry,32263202150,DREXEL DUPLICATOR 6 HERBICIDE,"GLYPHOSATE, DIAMMONIUM SALT",124.3165,lbs,29.92,,,,completed,https://calpip.cdpr.ca.gov/,2026-07-22
purcac:WEB2620790621:32M24N11E19,pur-cac-plumas,northern-sierra,04/07/2026,2026,39.931414,-120.790401,Plumas,forestry,32263202150,DREXEL DUPLICATOR 6 HERBICIDE,"GLYPHOSATE, DIAMMONIUM SALT",43.2405,lbs,17.62,,,,completed,https://calpip.cdpr.ca.gov/,2026-07-22
purcac:WEB2620790630:32M24N11E18,pur-cac-plumas,northern-sierra,04/07/2026,2026,39.945977,-120.79052,Plumas,forestry,32263202150,DREXEL DUPLICATOR 6 HERBICIDE,"GLYPHOSATE, DIAMMONIUM SALT",95.1291,lbs,22.32,,,,completed,https://calpip.cdpr.ca.gov/,2026-07-22
purcac:WEB2620790617:32M24N11E17,pur-cac-plumas,northern-sierra,04/08/2026,2026,39.945976,-120.768654,Plumas,forestry,32263202150,DREXEL DUPLICATOR 6 HERBICIDE,"GLYPHOSATE, DIAMMONIUM SALT",189.1772,lbs,43.88,,,,completed,https://calpip.cdpr.ca.gov/,2026-07-22
purcac:WEB2620790635:32M24N11E07,pur-cac-plumas,northern-sierra,04/09/2026,2026,39.960551,-120.790683,Plumas,forestry,32263202150,DREXEL DUPLICATOR 6 HERBICIDE,"GLYPHOSATE, DIAMMONIUM SALT",108.1013,lbs,27.31,,,,completed,https://calpip.cdpr.ca.gov/,2026-07-22
purcac:WEB2620892939:32M24N11E18,pur-cac-plumas,northern-sierra,04/20/2026,2026,39.945977,-120.79052,Plumas,forestry,32263202150,DREXEL DUPLICATOR 6 HERBICIDE,"GLYPHOSATE, DIAMMONIUM SALT",118.9114,lbs,28.03,,,,completed,https://calpip.cdpr.ca.gov/,2026-07-22
purcac:WEB2620900191:32M27N07E04,pur-cac-plumas,northern-sierra,05/11/2026,2026,40.22683,-121.203286,Plumas,forestry,32263200406,DREXEL DUPLICATOR 6 HERBICIDE,"GLYPHOSATE, DIAMMONIUM SALT",248.6329,lbs,65.0,,,,completed,https://calpip.cdpr.ca.gov/,2026-07-22
purcac:WEB2620900200:32M27N07E09,pur-cac-plumas,northern-sierra,05/12/2026,2026,40.212164,-121.203104,Plumas,forestry,32263200406,DREXEL DUPLICATOR 6 HERBICIDE,"GLYPHOSATE, DIAMMONIUM SALT",248.6329,lbs,65.0,,,,completed,https://calpip.cdpr.ca.gov/,2026-07-22
purcac:WEB2620900207:32M27N07E04,pur-cac-plumas,northern-sierra,05/13/2026,2026,40.22683,-121.203286,Plumas,forestry,32263200406,DREXEL DUPLICATOR 6 HERBICIDE,"GLYPHOSATE, DIAMMONIUM SALT",248.6329,lbs,65.0,,,,completed,https://calpip.cdpr.ca.gov/,2026-07-22
purcac:WEB2620900224:32M27N07E05,pur-cac-plumas,northern-sierra,05/14/2026,2026,40.226883,-121.222298,Plumas,forestry,32263200406,DREXEL DUPLICATOR 6 HERBICIDE,"GLYPHOSATE, DIAMMONIUM SALT",248.6329,lbs,65.0,,,,completed,https://calpip.cdpr.ca.gov/,2026-07-22
purcac:WEB2620900226:32M27N07E05,pur-cac-plumas,northern-sierra,05/15/2026,2026,40.226883,-121.222298,Plumas,forestry,32263200406,DREXEL DUPLICATOR 6 HERBICIDE,"GLYPHOSATE, DIAMMONIUM SALT",248.6329,lbs,65.0,,,,completed,https://calpip.cdpr.ca.gov/,2026-07-22
purcac:WEB2620922728:32M27N07E05,pur-cac-plumas,northern-sierra,05/18/2026,2026,40.226883,-121.222298,Plumas,forestry,32263200406,DREXEL DUPLICATOR 6 HERBICIDE,"GLYPHOSATE, DIAMMONIUM SALT",259.4431,lbs,80.0,,,,completed,https://calpip.cdpr.ca.gov/,2026-07-22
purcac:WEB2620922749:32M27N07E05,pur-cac-plumas,northern-sierra,05/19/2026,2026,40.226883,-121.222298,Plumas,forestry,32263200406,DREXEL DUPLICATOR 6 HERBICIDE,"GLYPHOSATE, DIAMMONIUM SALT",259.4431,lbs,80.0,,,,completed,https://calpip.cdpr.ca.gov/,2026-07-22
purcac:WEB2620931106:32M27N09E07,pur-cac-plumas,northern-sierra,05/20/2026,2026,40.213438,-121.013671,Plumas,forestry,32263200406,DREXEL DUPLICATOR 6 HERBICIDE,"GLYPHOSATE, DIAMMONIUM SALT",216.2026,lbs,49.0,,,,completed,https://calpip.cdpr.ca.gov/,2026-07-22
purcac:WEB2620922750:32M27N07E32,pur-cac-plumas,northern-sierra,05/20/2026,2026,40.154054,-121.221563,Plumas,forestry,32263200406,DREXEL DUPLICATOR 6 HERBICIDE,"GLYPHOSATE, DIAMMONIUM SALT",259.4431,lbs,80.0,,,,completed,https://calpip.cdpr.ca.gov/,2026-07-22
purcac:WEB2620922752:32M27N07E08,pur-cac-plumas,northern-sierra,05/21/2026,2026,40.212174,-121.222269,Plumas,forestry,32263200406,DREXEL DUPLICATOR 6 HERBICIDE,"GLYPHOSATE, DIAMMONIUM SALT",259.4431,lbs,80.0,,,,completed,https://calpip.cdpr.ca.gov/,2026-07-22
purcac:WEB2520041214:32M26N09E21,pur-cac-plumas,northern-sierra,07/16/2025,2025,40.097796,-120.976109,Plumas,forestry,32253202150,DREXEL DUPLICATOR 6 HERBICIDE,"GLYPHOSATE, DIAMMONIUM SALT",510.7785,lbs,92.45,,,,completed,https://calpip.cdpr.ca.gov/,2026-07-22
purcac:WEB2520070048:32M26N09E21,pur-cac-plumas,northern-sierra,07/22/2025,2025,40.097796,-120.976109,Plumas,forestry,32253202150,DREXEL DUPLICATOR 6 HERBICIDE,"GLYPHOSATE, DIAMMONIUM SALT",189.1772,lbs,50.57,,,,completed,https://calpip.cdpr.ca.gov/,2026-07-22
purcac:WEB2520070011:32M26N09E21,pur-cac-plumas,northern-sierra,07/24/2025,2025,40.097796,-120.976109,Plumas,forestry,32253202150,DREXEL DUPLICATOR 6 HERBICIDE,"GLYPHOSATE, DIAMMONIUM SALT",1324.2406,lbs,241.73,,,,completed,https://calpip.cdpr.ca.gov/,2026-07-22
purcac:WEB2621078071:32M24N11E18,pur-cac-plumas,northern-sierra,06/17/2026,2026,39.945977,-120.79052,Plumas,forestry,32263202150,DREXEL DUPLICATOR 6 HERBICIDE,"GLYPHOSATE, DIAMMONIUM SALT",97.2911,lbs,52.74,,,,completed,https://calpip.cdpr.ca.gov/,2026-07-22
purcac:WEB2621077716:32M28N06E24,pur-cac-plumas,northern-sierra,06/17/2026,2026,40.270313,-121.260542,Plumas,forestry,32263200406,DREXEL DUPLICATOR 6 HERBICIDE,"GLYPHOSATE, DIAMMONIUM SALT",151.3418,lbs,25.0,,,,completed,https://calpip.cdpr.ca.gov/,2026-07-22
purcac:WEB2621078084:32M24N11E07,pur-cac-plumas,northern-sierra,06/17/2026,2026,39.960551,-120.790683,Plumas,forestry,32263202150,DREXEL DUPLICATOR 6 HERBICIDE,"GLYPHOSATE, DIAMMONIUM SALT",75.6709,lbs,18.87,,,,completed,https://calpip.cdpr.ca.gov/,2026-07-22
purcac:WEB2621077721:32M28N06E24,pur-cac-plumas,northern-sierra,06/18/2026,2026,40.270313,-121.260542,Plumas,forestry,32263200406,DREXEL DUPLICATOR 6 HERBICIDE,"GLYPHOSATE, DIAMMONIUM SALT",270.2532,lbs,50.0,,,,completed,https://calpip.cdpr.ca.gov/,2026-07-22
purcac:WEB2621077758:32M28N06E24,pur-cac-plumas,northern-sierra,06/19/2026,2026,40.270313,-121.260542,Plumas,forestry,32263200406,DREXEL DUPLICATOR 6 HERBICIDE,"GLYPHOSATE, DIAMMONIUM SALT",108.1013,lbs,25.0,,,,completed,https://calpip.cdpr.ca.gov/,2026-07-22
purcac:WEB2621077778:32M28N06E24,pur-cac-plumas,northern-sierra,06/20/2026,2026,40.270313,-121.260542,Plumas,forestry,32263200406,DREXEL DUPLICATOR 6 HERBICIDE,"GLYPHOSATE, DIAMMONIUM SALT",237.8228,lbs,50.0,,,,completed,https://calpip.cdpr.ca.gov/,2026-07-22
purcac:WEB2621077577:32M28N07E30,pur-cac-plumas,northern-sierra,06/20/2026,2026,40.255895,-121.241391,Plumas,forestry,32263200406,DREXEL DUPLICATOR 6 HERBICIDE,"GLYPHOSATE, DIAMMONIUM SALT",237.8228,lbs,50.0,,,,completed,https://calpip.cdpr.ca.gov/,2026-07-22
purcac:WEB2621099041:32M28N06E25,pur-cac-plumas,northern-sierra,06/22/2026,2026,40.255615,-121.260417,Plumas,forestry,32263200406,DREXEL DUPLICATOR 6 HERBICIDE,"GLYPHOSATE, DIAMMONIUM SALT",172.962,lbs,41.0,,,,completed,https://calpip.cdpr.ca.gov/,2026-07-22
purcac:WEB2621098635:32M27N07E05,pur-cac-plumas,northern-sierra,06/22/2026,2026,40.226883,-121.222298,Plumas,forestry,32263200406,DREXEL DUPLICATOR 6 HERBICIDE,"GLYPHOSATE, DIAMMONIUM SALT",227.0127,lbs,65.0,,,,completed,https://calpip.cdpr.ca.gov/,2026-07-22
purcac:WEB2621099059:32M28N07E30,pur-cac-plumas,northern-sierra,06/22/2026,2026,40.255895,-121.241391,Plumas,forestry,32263200406,DREXEL DUPLICATOR 6 HERBICIDE,"GLYPHOSATE, DIAMMONIUM SALT",43.2405,lbs,10.0,,,,completed,https://calpip.cdpr.ca.gov/,2026-07-22
purcac:WEB2621099088:32M28N07E30,pur-cac-plumas,northern-sierra,06/23/2026,2026,40.255895,-121.241391,Plumas,forestry,32263200406,DREXEL DUPLICATOR 6 HERBICIDE,"GLYPHOSATE, DIAMMONIUM SALT",248.6329,lbs,55.0,,,,completed,https://calpip.cdpr.ca.gov/,2026-07-22
purcac:WEB2621098655:32M27N07E32,pur-cac-plumas,northern-sierra,06/23/2026,2026,40.154054,-121.221563,Plumas,forestry,32263200406,DREXEL DUPLICATOR 6 HERBICIDE,"GLYPHOSATE, DIAMMONIUM SALT",227.0127,lbs,64.0,,,,completed,https://calpip.cdpr.ca.gov/,2026-07-22
purcac:WEB2621098698:32M27N07E05,pur-cac-plumas,northern-sierra,06/24/2026,2026,40.226883,-121.222298,Plumas,forestry,32263200406,DREXEL DUPLICATOR 6 HERBICIDE,"GLYPHOSATE, DIAMMONIUM SALT",227.0127,lbs,65.0,,,,completed,https://calpip.cdpr.ca.gov/,2026-07-22
purcac:WEB2621099134:32M28N07E30,pur-cac-plumas,northern-sierra,06/24/2026,2026,40.255895,-121.241391,Plumas,forestry,32263200406,DREXEL DUPLICATOR 6 HERBICIDE,"GLYPHOSATE, DIAMMONIUM SALT",248.6329,lbs,55.0,,,,completed,https://calpip.cdpr.ca.gov/,2026-07-22
purcac:WEB2621099156:32M28N07E30,pur-cac-plumas,northern-sierra,06/25/2026,2026,40.255895,-121.241391,Plumas,forestry,32263200406,DREXEL DUPLICATOR 6 HERBICIDE,"GLYPHOSATE, DIAMMONIUM SALT",108.1013,lbs,26.0,,,,completed,https://calpip.cdpr.ca.gov/,2026-07-22
purcac:WEB2621099166:32M28N07E31,pur-cac-plumas,northern-sierra,06/25/2026,2026,40.241308,-121.24129,Plumas,forestry,32263200406,DREXEL DUPLICATOR 6 HERBICIDE,"GLYPHOSATE, DIAMMONIUM SALT",108.1013,lbs,24.0,,,,completed,https://calpip.cdpr.ca.gov/,2026-07-22
purcac:WEB2621098717:32M27N07E08,pur-cac-plumas,northern-sierra,06/25/2026,2026,40.212174,-121.222269,Plumas,forestry,32263200406,DREXEL DUPLICATOR 6 HERBICIDE,"GLYPHOSATE, DIAMMONIUM SALT",194.5823,lbs,57.0,,,,completed,https://calpip.cdpr.ca.gov/,2026-07-22
purcac:WEB2621098741:32M27N07E09,pur-cac-plumas,northern-sierra,06/26/2026,2026,40.212164,-121.203104,Plumas,forestry,32263200406,DREXEL DUPLICATOR 6 HERBICIDE,"GLYPHOSATE, DIAMMONIUM SALT",21.6203,lbs,5.0,,,,completed,https://calpip.cdpr.ca.gov/,2026-07-22
purcac:WEB2621098835:32M27N07E09,pur-cac-plumas,northern-sierra,06/26/2026,2026,40.212164,-121.203104,Plumas,forestry,32263200406,DREXEL DUPLICATOR 6 HERBICIDE,"GLYPHOSATE, DIAMMONIUM SALT",162.1519,lbs,45.0,,,,completed,https://calpip.cdpr.ca.gov/,2026-07-22
purcac:WEB2621099173:32M28N07E31,pur-cac-plumas,northern-sierra,06/26/2026,2026,40.241308,-121.24129,Plumas,forestry,32263200406,DREXEL DUPLICATOR 6 HERBICIDE,"GLYPHOSATE, DIAMMONIUM SALT",216.2026,lbs,50.0,,,,completed,https://calpip.cdpr.ca.gov/,2026-07-22
purcac:WEB2621133299:32M27N07E16,pur-cac-plumas,northern-sierra,06/29/2026,2026,40.197707,-121.202865,Plumas,forestry,32263200406,DREXEL DUPLICATOR 6 HERBICIDE,"GLYPHOSATE, DIAMMONIUM SALT",140.5317,lbs,35.0,,,,completed,https://calpip.cdpr.ca.gov/,2026-07-22
purcac:WEB2621133498:32M24N11E16,pur-cac-plumas,northern-sierra,06/29/2026,2026,39.945957,-120.749692,Plumas,forestry,32263202150,DREXEL DUPLICATOR 6 HERBICIDE,"GLYPHOSATE, DIAMMONIUM SALT",137.8291,lbs,16.13,,,,completed,https://calpip.cdpr.ca.gov/,2026-07-22
purcac:WEB2621133310:32M27N07E09,pur-cac-plumas,northern-sierra,06/29/2026,2026,40.212164,-121.203104,Plumas,forestry,32263200406,DREXEL DUPLICATOR 6 HERBICIDE,"GLYPHOSATE, DIAMMONIUM SALT",75.6709,lbs,22.5,,,,completed,https://calpip.cdpr.ca.gov/,2026-07-22
purcac:WEB2621133527:32M24N11E16,pur-cac-plumas,northern-sierra,06/30/2026,2026,39.945957,-120.749692,Plumas,forestry,32263202150,DREXEL DUPLICATOR 6 HERBICIDE,"GLYPHOSATE, DIAMMONIUM SALT",137.8291,lbs,16.54,,,,completed,https://calpip.cdpr.ca.gov/,2026-07-22
purcac:WEB2621133324:32M27N07E06,pur-cac-plumas,northern-sierra,06/30/2026,2026,40.226804,-121.241204,Plumas,forestry,32263200406,DREXEL DUPLICATOR 6 HERBICIDE,"GLYPHOSATE, DIAMMONIUM SALT",216.2026,lbs,37.0,,,,completed,https://calpip.cdpr.ca.gov/,2026-07-22
purcac:WEB2621133546:32M24N11E16,pur-cac-plumas,northern-sierra,07/01/2026,2026,39.945957,-120.749692,Plumas,forestry,32263202150,DREXEL DUPLICATOR 6 HERBICIDE,"GLYPHOSATE, DIAMMONIUM SALT",97.2911,lbs,12.54,,,,completed,https://calpip.cdpr.ca.gov/,2026-07-22
purcac:WEB2621133564:32M24N11E20,pur-cac-plumas,northern-sierra,07/01/2026,2026,39.931321,-120.768665,Plumas,forestry,32263202150,DREXEL DUPLICATOR 6 HERBICIDE,"GLYPHOSATE, DIAMMONIUM SALT",48.6456,lbs,6.0,,,,completed,https://calpip.cdpr.ca.gov/,2026-07-22
purcac:WEB2621133363:32M27N07E06,pur-cac-plumas,northern-sierra,07/01/2026,2026,40.226804,-121.241204,Plumas,forestry,32263200406,DREXEL DUPLICATOR 6 HERBICIDE,"GLYPHOSATE, DIAMMONIUM SALT",216.2026,lbs,40.0,,,,completed,https://calpip.cdpr.ca.gov/,2026-07-22
purcac:WEB2621168199:32M22N08E32,pur-cac-plumas,northern-sierra,07/01/2026,2026,39.72231,-121.109775,Plumas,forestry,32263200530,DREXEL DUPLICATOR 6 HERBICIDE,"GLYPHOSATE, DIAMMONIUM SALT",389.1646,lbs,91.0,,,,completed,https://calpip.cdpr.ca.gov/,2026-07-22
purcac:WEB2520098675:32M24N15E35,pur-cac-plumas,northern-sierra,07/30/2025,2025,39.890062,-120.267401,Plumas,forestry,32253205299,GLYPHOSATE 5.4,"GLYPHOSATE, ISOPROPYLAMINE SALT",22.3534,lbs,15.0,,,,completed,https://calpip.cdpr.ca.gov/,2026-07-22
purcac:WEB2520100127:32M24N15E35,pur-cac-plumas,northern-sierra,07/30/2025,2025,39.890062,-120.267401,Plumas,forestry,32253205299,GLYPHOSATE 5.4,"GLYPHOSATE, ISOPROPYLAMINE SALT",5.925,lbs,4.0,,,,completed,https://calpip.cdpr.ca.gov/,2026-07-22
purcac:WEB2520099858:32M24N15E35,pur-cac-plumas,northern-sierra,07/30/2025,2025,39.890062,-120.267401,Plumas,forestry,32253205299,GLYPHOSATE 5.4,"GLYPHOSATE, ISOPROPYLAMINE SALT",7.8102,lbs,5.3,,,,completed,https://calpip.cdpr.ca.gov/,2026-07-22
purcac:WEB2520098756:32M24N15E35,pur-cac-plumas,northern-sierra,07/30/2025,2025,39.890062,-120.267401,Plumas,forestry,32253205299,GLYPHOSATE 5.4,"GLYPHOSATE, ISOPROPYLAMINE SALT",7.8102,lbs,5.03,,,,completed,https://calpip.cdpr.ca.gov/,2026-07-22
purcac:WEB2520098714:32M24N15E35,pur-cac-plumas,northern-sierra,07/30/2025,2025,39.890062,-120.267401,Plumas,forestry,32253205299,GLYPHOSATE 5.4,"GLYPHOSATE, ISOPROPYLAMINE SALT",3.7705,lbs,2.44,,,,completed,https://calpip.cdpr.ca.gov/,2026-07-22
purcac:WEB2520100325:32M24N15E35,pur-cac-plumas,northern-sierra,07/30/2025,2025,39.890062,-120.267401,Plumas,forestry,32253205299,GLYPHOSATE 5.4,"GLYPHOSATE, ISOPROPYLAMINE SALT",6.733,lbs,4.6,,,,completed,https://calpip.cdpr.ca.gov/,2026-07-22
purcac:WEB2520281026:32M27N10E10,pur-cac-plumas,northern-sierra,09/12/2025,2025,40.213729,-120.843788,Plumas,forestry,32253200406,ROUNDUP PRO CONCENTRATE HERBICIDE,"GLYPHOSATE, ISOPROPYLAMINE SALT",200.4688,lbs,54.0,,,,completed,https://calpip.cdpr.ca.gov/,2026-07-22
purcac:WEB2520280975:32M27N10E04,pur-cac-plumas,northern-sierra,09/08/2025,2025,40.227682,-120.862605,Plumas,forestry,32253200406,ROUNDUP PRO CONCENTRATE HERBICIDE,"GLYPHOSATE, ISOPROPYLAMINE SALT",1092.5549,lbs,271.75,,,,completed,https://calpip.cdpr.ca.gov/,2026-07-22
purcac:WEB2520280997:32M27N10E09,pur-cac-plumas,northern-sierra,09/09/2025,2025,40.213765,-120.862591,Plumas,forestry,32253200406,ROUNDUP PRO CONCENTRATE HERBICIDE,"GLYPHOSATE, ISOPROPYLAMINE SALT",581.3595,lbs,147.0,,,,completed,https://calpip.cdpr.ca.gov/,2026-07-22
purcac:WEB2520281018:32M27N10E03,pur-cac-plumas,northern-sierra,09/10/2025,2025,40.227614,-120.8437,Plumas,forestry,32253200406,ROUNDUP PRO CONCENTRATE HERBICIDE,"GLYPHOSATE, ISOPROPYLAMINE SALT",160.375,lbs,40.0,,,,completed,https://calpip.cdpr.ca.gov/,2026-07-22
purcac:WEB2520296435:32M27N10E14,pur-cac-plumas,northern-sierra,09/19/2025,2025,40.199403,-120.825382,Plumas,forestry,32253200406,ROUNDUP PRO CONCENTRATE HERBICIDE,"GLYPHOSATE, ISOPROPYLAMINE SALT",225.5274,lbs,50.0,,,,completed,https://calpip.cdpr.ca.gov/,2026-07-22
purcac:WEB2520296462:32M27N10E15,pur-cac-plumas,northern-sierra,09/19/2025,2025,40.199316,-120.844097,Plumas,forestry,32253200406,ROUNDUP PRO CONCENTRATE HERBICIDE,"GLYPHOSATE, ISOPROPYLAMINE SALT",100.2344,lbs,20.0,,,,completed,https://calpip.cdpr.ca.gov/,2026-07-22
purcac:WEB2520387171:32M29N08E27,pur-cac-plumas,northern-sierra,10/27/2025,2025,40.343946,-121.070384,Plumas,forestry,32254500033,GARLON XRT,"TRICLOPYR, BUTOXYETHYL ESTER",575.9989,lbs,158.5,,,,completed,https://calpip.cdpr.ca.gov/,2026-07-22
purcac:WEB2520382727:32M27N10E02,pur-cac-plumas,northern-sierra,10/20/2025,2025,40.227613,-120.824861,Plumas,forestry,32253200406,ROUNDUP PRO CONCENTRATE HERBICIDE,"GLYPHOSATE, ISOPROPYLAMINE SALT",100.2344,lbs,23.0,,,,completed,https://calpip.cdpr.ca.gov/,2026-07-22
purcac:WEB2520387220:32M29N08E28,pur-cac-plumas,northern-sierra,10/31/2025,2025,40.343818,-121.089331,Plumas,forestry,32254500033,GARLON XRT,"TRICLOPYR, BUTOXYETHYL ESTER",1554.2828,lbs,429.0,,,,completed,https://calpip.cdpr.ca.gov/,2026-07-22
purcac:WEB2520186672:32M26N09E18,pur-cac-plumas,northern-sierra,08/14/2025,2025,40.112433,-121.013603,Plumas,forestry,32253200406,ROUNDUP PRO CONCENTRATE HERBICIDE,"GLYPHOSATE, ISOPROPYLAMINE SALT",400.9376,lbs,85.0,,,,completed,https://calpip.cdpr.ca.gov/,2026-07-22
purcac:WEB2520186629:32M26N09E17,pur-cac-plumas,northern-sierra,08/12/2025,2025,40.112267,-120.994871,Plumas,forestry,32253200406,ROUNDUP PRO CONCENTRATE HERBICIDE,"GLYPHOSATE, ISOPROPYLAMINE SALT",400.9376,lbs,80.0,,,,completed,https://calpip.cdpr.ca.gov/,2026-07-22
purcac:WEB2520186644:32M26N09E21,pur-cac-plumas,northern-sierra,08/13/2025,2025,40.097796,-120.976109,Plumas,forestry,32253200406,ROUNDUP PRO CONCENTRATE HERBICIDE,"GLYPHOSATE, ISOPROPYLAMINE SALT",40.0938,lbs,9.66,,,,completed,https://calpip.cdpr.ca.gov/,2026-07-22
purcac:WEB2520186661:32M26N09E08,pur-cac-plumas,northern-sierra,08/13/2025,2025,40.126668,-120.994951,Plumas,forestry,32253200406,ROUNDUP PRO CONCENTRATE HERBICIDE,"GLYPHOSATE, ISOPROPYLAMINE SALT",90.211,lbs,21.45,,,,completed,https://calpip.cdpr.ca.gov/,2026-07-22
purcac:WEB2621053758:32M27N09E24,pur-cac-plumas,northern-sierra,06/11/2026,2026,40.1848,-120.919165,Plumas,forestry,32263200406,ROUNDUP PRO CONCENTRATE HERBICIDE,"GLYPHOSATE, ISOPROPYLAMINE SALT",180.4219,lbs,46.0,,,,completed,https://calpip.cdpr.ca.gov/,2026-07-22
purcac:WEB2621053751:32M27N09E25,pur-cac-plumas,northern-sierra,06/10/2026,2026,40.170355,-120.91945,Plumas,forestry,32263200406,ROUNDUP PRO CONCENTRATE HERBICIDE,"GLYPHOSATE, ISOPROPYLAMINE SALT",280.6563,lbs,71.5,,,,completed,https://calpip.cdpr.ca.gov/,2026-07-22
purcac:WEB2621070430:32M27N09E22,pur-cac-plumas,northern-sierra,06/15/2026,2026,40.184763,-120.9569,Plumas,forestry,32263200406,ROUNDUP PRO CONCENTRATE HERBICIDE,"GLYPHOSATE, ISOPROPYLAMINE SALT",892.0861,lbs,199.0,,,,completed,https://calpip.cdpr.ca.gov/,2026-07-22
purcac:WEB2621070541:32M27N09E23,pur-cac-plumas,northern-sierra,06/16/2026,2026,40.18477,-120.938117,Plumas,forestry,32263200406,ROUNDUP PRO CONCENTRATE HERBICIDE,"GLYPHOSATE, ISOPROPYLAMINE SALT",170.3985,lbs,40.0,,,,completed,https://calpip.cdpr.ca.gov/,2026-07-22
purcac:WEB2519838081:32M26N09E19,pur-cac-plumas,northern-sierra,06/06/2025,2025,40.097728,-121.013503,Plumas,forestry,32253200406,ROUNDUP PRO CONCENTRATE HERBICIDE,"GLYPHOSATE, ISOPROPYLAMINE SALT",140.3281,lbs,28.0,,,,completed,https://calpip.cdpr.ca.gov/,2026-07-22
purcac:WEB2519808686:32M28N11E19,pur-cac-plumas,northern-sierra,06/03/2025,2025,40.272438,-120.785798,Plumas,forestry,32254500033,ROUNDUP PRO CONCENTRATE HERBICIDE,"GLYPHOSATE, ISOPROPYLAMINE SALT",112.7637,lbs,41.7,,,,completed,https://calpip.cdpr.ca.gov/,2026-07-22
purcac:WEB2519808617:32M28N11E21,pur-cac-plumas,northern-sierra,06/02/2025,2025,40.272417,-120.745976,Plumas,forestry,32254500033,ROUNDUP PRO CONCENTRATE HERBICIDE,"GLYPHOSATE, ISOPROPYLAMINE SALT",130.3047,lbs,48.6,,,,completed,https://calpip.cdpr.ca.gov/,2026-07-22
purcac:WEB2519809003:32M28N11E08,pur-cac-plumas,northern-sierra,06/03/2025,2025,40.301456,-120.76501,Plumas,forestry,32254500033,ROUNDUP PRO CONCENTRATE HERBICIDE,"GLYPHOSATE, ISOPROPYLAMINE SALT",185.4336,lbs,68.1,,,,completed,https://calpip.cdpr.ca.gov/,2026-07-22
purcac:WEB2519808926:32M28N11E10,pur-cac-plumas,northern-sierra,06/03/2025,2025,40.301327,-120.726892,Plumas,forestry,32254500033,ROUNDUP PRO CONCENTRATE HERBICIDE,"GLYPHOSATE, ISOPROPYLAMINE SALT",82.6934,lbs,30.6,,,,completed,https://calpip.cdpr.ca.gov/,2026-07-22
purcac:WEB2519808802:32M28N11E17,pur-cac-plumas,northern-sierra,06/03/2025,2025,40.286945,-120.765267,Plumas,forestry,32254500033,ROUNDUP PRO CONCENTRATE HERBICIDE,"GLYPHOSATE, ISOPROPYLAMINE SALT",7.5176,lbs,2.8,,,,completed,https://calpip.cdpr.ca.gov/,2026-07-22
purcac:WEB2519808488:32M28N11E20,pur-cac-plumas,northern-sierra,06/02/2025,2025,40.272446,-120.76531,Plumas,forestry,32254500033,ROUNDUP PRO CONCENTRATE HERBICIDE,"GLYPHOSATE, ISOPROPYLAMINE SALT",781.8282,lbs,289.8,,,,completed,https://calpip.cdpr.ca.gov/,2026-07-22
purcac:WEB2519785920:32M26N09E19,pur-cac-plumas,northern-sierra,05/27/2025,2025,40.097728,-121.013503,Plumas,forestry,32253200406,ROUNDUP PRO CONCENTRATE HERBICIDE,"GLYPHOSATE, ISOPROPYLAMINE SALT",240.5625,lbs,48.0,,,,completed,https://calpip.cdpr.ca.gov/,2026-07-22
purcac:WEB2519691977:32M28N11E16,pur-cac-plumas,northern-sierra,05/05/2025,2025,40.286932,-120.746016,Plumas,forestry,32254500033,FREELEXX,"2,4-DICHLOROPHENOXYACETIC ACID, CHOLINE SALT",106.9506,lbs,207.0,,,,completed,https://calpip.cdpr.ca.gov/,2026-07-22
purcac:WEB2519670031:32M28N11E33,pur-cac-plumas,northern-sierra,05/03/2025,2025,40.243331,-120.746009,Plumas,forestry,32254500033,FREELEXX,"2,4-DICHLOROPHENOXYACETIC ACID, CHOLINE SALT",25.6681,lbs,52.0,,,,completed,https://calpip.cdpr.ca.gov/,2026-07-22
purcac:WEB2519669981:32M28N11E28,pur-cac-plumas,northern-sierra,05/03/2025,2025,40.257876,-120.745943,Plumas,forestry,32254500033,FREELEXX,"2,4-DICHLOROPHENOXYACETIC ACID, CHOLINE SALT",102.6725,lbs,210.0,,,,completed,https://calpip.cdpr.ca.gov/,2026-07-22
purcac:WEB2519691789:32M28N11E10,pur-cac-plumas,northern-sierra,05/04/2025,2025,40.301327,-120.726892,Plumas,forestry,32254500033,FREELEXX,"2,4-DICHLOROPHENOXYACETIC ACID, CHOLINE SALT",64.1703,lbs,117.0,,,,completed,https://calpip.cdpr.ca.gov/,2026-07-22
purcac:WEB2519691756:32M28N11E09,pur-cac-plumas,northern-sierra,05/04/2025,2025,40.30135,-120.746014,Plumas,forestry,32254500033,FREELEXX,"2,4-DICHLOROPHENOXYACETIC ACID, CHOLINE SALT",231.0132,lbs,216.0,,,,completed,https://calpip.cdpr.ca.gov/,2026-07-22
purcac:WEB2519692012:32M28N11E15,pur-cac-plumas,northern-sierra,05/05/2025,2025,40.286815,-120.726966,Plumas,forestry,32254500033,FREELEXX,"2,4-DICHLOROPHENOXYACETIC ACID, CHOLINE SALT",10.6951,lbs,13.8,,,,completed,https://calpip.cdpr.ca.gov/,2026-07-22
purcac:WEB2519922674:32M26N09E19,pur-cac-plumas,northern-sierra,06/19/2025,2025,40.097728,-121.013503,Plumas,forestry,32253200406,ROUNDUP PRO CONCENTRATE HERBICIDE,"GLYPHOSATE, ISOPROPYLAMINE SALT",300.7032,lbs,53.0,,,,completed,https://calpip.cdpr.ca.gov/,2026-07-22
purcac:WEB2519961427:32M26N09E27,pur-cac-plumas,northern-sierra,07/03/2025,2025,40.083273,-120.957323,Plumas,forestry,32253200406,ROUNDUP PRO CONCENTRATE HERBICIDE,"GLYPHOSATE, ISOPROPYLAMINE SALT",200.4688,lbs,44.87,,,,completed,https://calpip.cdpr.ca.gov/,2026-07-22
purcac:WEB2519961610:32M26N09E28,pur-cac-plumas,northern-sierra,07/02/2025,2025,40.083309,-120.976002,Plumas,forestry,32253200406,ROUNDUP PRO CONCENTRATE HERBICIDE,"GLYPHOSATE, ISOPROPYLAMINE SALT",360.8438,lbs,68.47,,,,completed,https://calpip.cdpr.ca.gov/,2026-07-22
purcac:WEB2520045388:32M26N09E33,pur-cac-plumas,northern-sierra,07/15/2025,2025,40.068745,-120.975979,Plumas,forestry,32253200406,ROUNDUP PRO CONCENTRATE HERBICIDE,"GLYPHOSATE, ISOPROPYLAMINE SALT",60.1406,lbs,15.0,,,,completed,https://calpip.cdpr.ca.gov/,2026-07-22
purcac:WEB2520045432:32M26N09E18,pur-cac-plumas,northern-sierra,07/16/2025,2025,40.112433,-121.013603,Plumas,forestry,32253200406,ROUNDUP PRO CONCENTRATE HERBICIDE,"GLYPHOSATE, ISOPROPYLAMINE SALT",441.0313,lbs,91.0,,,,completed,https://calpip.cdpr.ca.gov/,2026-07-22
purcac:WEB2520045448:32M26N09E17,pur-cac-plumas,northern-sierra,07/16/2025,2025,40.112267,-120.994871,Plumas,forestry,32253200406,ROUNDUP PRO CONCENTRATE HERBICIDE,"GLYPHOSATE, ISOPROPYLAMINE SALT",300.7032,lbs,61.0,,,,completed,https://calpip.cdpr.ca.gov/,2026-07-22
purcac:WEB2520045297:32M26N09E19,pur-cac-plumas,northern-sierra,07/14/2025,2025,40.097728,-121.013503,Plumas,forestry,32253200406,ROUNDUP PRO CONCENTRATE HERBICIDE,"GLYPHOSATE, ISOPROPYLAMINE SALT",601.4063,lbs,119.31,,,,completed,https://calpip.cdpr.ca.gov/,2026-07-22
purcac:WEB2520045335:32M26N09E29,pur-cac-plumas,northern-sierra,07/15/2025,2025,40.083268,-120.994545,Plumas,forestry,32253200406,ROUNDUP PRO CONCENTRATE HERBICIDE,"GLYPHOSATE, ISOPROPYLAMINE SALT",431.0079,lbs,87.7,,,,completed,https://calpip.cdpr.ca.gov/,2026-07-22
purcac:WEB2520006370:32M26N09E20,pur-cac-plumas,northern-sierra,07/08/2025,2025,40.097702,-120.994713,Plumas,forestry,32253200406,ROUNDUP PRO CONCENTRATE HERBICIDE,"GLYPHOSATE, ISOPROPYLAMINE SALT",90.211,lbs,23.82,,,,completed,https://calpip.cdpr.ca.gov/,2026-07-22
purcac:WEB2520006380:32M26N09E17,pur-cac-plumas,northern-sierra,07/08/2025,2025,40.112267,-120.994871,Plumas,forestry,32253200406,ROUNDUP PRO CONCENTRATE HERBICIDE,"GLYPHOSATE, ISOPROPYLAMINE SALT",80.1875,lbs,20.0,,,,completed,https://calpip.cdpr.ca.gov/,2026-07-22
purcac:WEB2519961692:32M26N09E33,pur-cac-plumas,northern-sierra,07/04/2025,2025,40.068745,-120.975979,Plumas,forestry,32253200406,ROUNDUP PRO CONCENTRATE HERBICIDE,"GLYPHOSATE, ISOPROPYLAMINE SALT",240.5625,lbs,53.5,,,,completed,https://calpip.cdpr.ca.gov/,2026-07-22
purcac:WEB2520045480:32M26N09E27,pur-cac-plumas,northern-sierra,07/17/2025,2025,40.083273,-120.957323,Plumas,forestry,32253200406,ROUNDUP PRO CONCENTRATE HERBICIDE,"GLYPHOSATE, ISOPROPYLAMINE SALT",260.6094,lbs,53.35,,,,completed,https://calpip.cdpr.ca.gov/,2026-07-22
purcac:WEB2520045500:32M26N09E28,pur-cac-plumas,northern-sierra,07/17/2025,2025,40.083309,-120.976002,Plumas,forestry,32253200406,ROUNDUP PRO CONCENTRATE HERBICIDE,"GLYPHOSATE, ISOPROPYLAMINE SALT",360.8438,lbs,73.0,,,,completed,https://calpip.cdpr.ca.gov/,2026-07-22
purcac:WEB2520114074:32M26N09E20,pur-cac-plumas,northern-sierra,07/21/2025,2025,40.097702,-120.994713,Plumas,forestry,32253200406,ROUNDUP PRO CONCENTRATE HERBICIDE,"GLYPHOSATE, ISOPROPYLAMINE SALT",70.1641,lbs,20.0,,,,completed,https://calpip.cdpr.ca.gov/,2026-07-22
purcac:WEB2520070741:32M26N09E18,pur-cac-plumas,northern-sierra,07/22/2025,2025,40.112433,-121.013603,Plumas,forestry,32253200406,ROUNDUP PRO CONCENTRATE HERBICIDE,"GLYPHOSATE, ISOPROPYLAMINE SALT",761.7814,lbs,145.0,,,,completed,https://calpip.cdpr.ca.gov/,2026-07-22
purcac:WEB2520070608:32M26N09E18,pur-cac-plumas,northern-sierra,07/21/2025,2025,40.112433,-121.013603,Plumas,forestry,32253200406,ROUNDUP PRO CONCENTRATE HERBICIDE,"GLYPHOSATE, ISOPROPYLAMINE SALT",140.3281,lbs,35.74,,,,completed,https://calpip.cdpr.ca.gov/,2026-07-22
purcac:WEB2520070665:32M26N09E17,pur-cac-plumas,northern-sierra,07/21/2025,2025,40.112267,-120.994871,Plumas,forestry,32253200406,ROUNDUP PRO CONCENTRATE HERBICIDE,"GLYPHOSATE, ISOPROPYLAMINE SALT",70.1641,lbs,19.48,,,,completed,https://calpip.cdpr.ca.gov/,2026-07-22
purcac:WEB2520114001:32M26N09E18,pur-cac-plumas,northern-sierra,07/21/2025,2025,40.112433,-121.013603,Plumas,forestry,32253200406,ROUNDUP PRO CONCENTRATE HERBICIDE,"GLYPHOSATE, ISOPROPYLAMINE SALT",40.0938,lbs,8.0,,,,completed,https://calpip.cdpr.ca.gov/,2026-07-22
purcac:WEB2520070867:32M26N09E29,pur-cac-plumas,northern-sierra,07/24/2025,2025,40.083268,-120.994545,Plumas,forestry,32253200406,ROUNDUP PRO CONCENTRATE HERBICIDE,"GLYPHOSATE, ISOPROPYLAMINE SALT",551.2891,lbs,91.05,,,,completed,https://calpip.cdpr.ca.gov/,2026-07-22
purcac:WEB2520070964:32M26N09E29,pur-cac-plumas,northern-sierra,07/24/2025,2025,40.083268,-120.994545,Plumas,forestry,32253200406,ROUNDUP PRO CONCENTRATE HERBICIDE,"GLYPHOSATE, ISOPROPYLAMINE SALT",400.9376,lbs,103.76,,,,completed,https://calpip.cdpr.ca.gov/,2026-07-22
purcac:WEB2520070810:32M26N09E19,pur-cac-plumas,northern-sierra,07/23/2025,2025,40.097728,-121.013503,Plumas,forestry,32253200406,ROUNDUP PRO CONCENTRATE HERBICIDE,"GLYPHOSATE, ISOPROPYLAMINE SALT",481.1251,lbs,110.0,,,,completed,https://calpip.cdpr.ca.gov/,2026-07-22
purcac:WEB2621053768:32M27N09E23,pur-cac-plumas,northern-sierra,06/11/2026,2026,40.18477,-120.938117,Plumas,forestry,32263200406,ROUNDUP PRO CONCENTRATE HERBICIDE,"GLYPHOSATE, ISOPROPYLAMINE SALT",20.0469,lbs,9.0,,,,completed,https://calpip.cdpr.ca.gov/,2026-07-22
purcac:WEB2520114138:32M26N09E29,pur-cac-plumas,northern-sierra,08/01/2025,2025,40.083268,-120.994545,Plumas,forestry,32253200406,ROUNDUP PRO CONCENTRATE HERBICIDE,"GLYPHOSATE, ISOPROPYLAMINE SALT",360.8438,lbs,73.0,,,,completed,https://calpip.cdpr.ca.gov/,2026-07-22
purcac:WEB2520114116:32M26N09E28,pur-cac-plumas,northern-sierra,07/31/2025,2025,40.083309,-120.976002,Plumas,forestry,32253200406,ROUNDUP PRO CONCENTRATE HERBICIDE,"GLYPHOSATE, ISOPROPYLAMINE SALT",400.9376,lbs,82.0,,,,completed,https://calpip.cdpr.ca.gov/,2026-07-22
purcac:WEB2520140451:32M26N09E17,pur-cac-plumas,northern-sierra,08/08/2025,2025,40.112267,-120.994871,Plumas,forestry,32253200406,ROUNDUP PRO CONCENTRATE HERBICIDE,"GLYPHOSATE, ISOPROPYLAMINE SALT",771.8048,lbs,155.0,,,,completed,https://calpip.cdpr.ca.gov/,2026-07-22
purcac:WEB2520140431:32M26N09E28,pur-cac-plumas,northern-sierra,08/04/2025,2025,40.083309,-120.976002,Plumas,forestry,32253200406,ROUNDUP PRO CONCENTRATE HERBICIDE,"GLYPHOSATE, ISOPROPYLAMINE SALT",190.4453,lbs,38.0,,,,completed,https://calpip.cdpr.ca.gov/,2026-07-22
purcac:WEB2520221481:32M29N08E33,pur-cac-plumas,northern-sierra,08/27/2025,2025,40.329243,-121.089444,Plumas,forestry,32253200406,ROUNDUP PRO CONCENTRATE HERBICIDE,"GLYPHOSATE, ISOPROPYLAMINE SALT",841.9689,lbs,165.0,,,,completed,https://calpip.cdpr.ca.gov/,2026-07-22
purcac:WEB2520221452:32M26N09E18,pur-cac-plumas,northern-sierra,08/23/2025,2025,40.112433,-121.013603,Plumas,forestry,32253200406,ROUNDUP PRO CONCENTRATE HERBICIDE,"GLYPHOSATE, ISOPROPYLAMINE SALT",601.4063,lbs,120.0,,,,completed,https://calpip.cdpr.ca.gov/,2026-07-22
purcac:WEB2620908023:32M27N09E18,pur-cac-plumas,northern-sierra,05/15/2026,2026,40.199019,-121.013711,Plumas,forestry,32263200406,ROUNDUP PRO CONCENTRATE HERBICIDE,"GLYPHOSATE, ISOPROPYLAMINE SALT",140.3281,lbs,35.0,,,,completed,https://calpip.cdpr.ca.gov/,2026-07-22
purcac:WEB2620907937:32M27N08E12,pur-cac-plumas,northern-sierra,05/13/2026,2026,40.213182,-121.032985,Plumas,forestry,32263200406,ROUNDUP PRO CONCENTRATE HERBICIDE,"GLYPHOSATE, ISOPROPYLAMINE SALT",80.1875,lbs,14.0,,,,completed,https://calpip.cdpr.ca.gov/,2026-07-22
purcac:WEB2620931030:32M27N09E18,pur-cac-plumas,northern-sierra,05/14/2026,2026,40.199019,-121.013711,Plumas,forestry,32263200406,ROUNDUP PRO CONCENTRATE HERBICIDE,"GLYPHOSATE, ISOPROPYLAMINE SALT",200.4688,lbs,50.0,,,,completed,https://calpip.cdpr.ca.gov/,2026-07-22
purcac:WEB2620907890:32M27N08E11,pur-cac-plumas,northern-sierra,05/13/2026,2026,40.213077,-121.051858,Plumas,forestry,32263200406,ROUNDUP PRO CONCENTRATE HERBICIDE,"GLYPHOSATE, ISOPROPYLAMINE SALT",120.2813,lbs,21.0,,,,completed,https://calpip.cdpr.ca.gov/,2026-07-22
purcac:WEB2620908010:32M27N08E13,pur-cac-plumas,northern-sierra,05/11/2026,2026,40.198712,-121.03291,Plumas,forestry,32263200406,ROUNDUP PRO CONCENTRATE HERBICIDE,"GLYPHOSATE, ISOPROPYLAMINE SALT",441.0313,lbs,120.0,,,,completed,https://calpip.cdpr.ca.gov/,2026-07-22
purcac:WEB2621053694:32M27N09E21,pur-cac-plumas,northern-sierra,06/08/2026,2026,40.184735,-120.975909,Plumas,forestry,32263200406,ROUNDUP PRO CONCENTRATE HERBICIDE,"GLYPHOSATE, ISOPROPYLAMINE SALT",501.172,lbs,143.0,,,,completed,https://calpip.cdpr.ca.gov/,2026-07-22
purcac:WEB2621004436:32M27N09E21,pur-cac-plumas,northern-sierra,06/03/2026,2026,40.184735,-120.975909,Plumas,forestry,32263200406,ROUNDUP PRO CONCENTRATE HERBICIDE,"GLYPHOSATE, ISOPROPYLAMINE SALT",671.5704,lbs,136.0,,,,completed,https://calpip.cdpr.ca.gov/,2026-07-22
purcac:WEB2621004417:32M27N09E20,pur-cac-plumas,northern-sierra,06/01/2026,2026,40.184684,-120.994826,Plumas,forestry,32263200406,ROUNDUP PRO CONCENTRATE HERBICIDE,"GLYPHOSATE, ISOPROPYLAMINE SALT",942.2033,lbs,202.0,,,,completed,https://calpip.cdpr.ca.gov/,2026-07-22
purcac:WEB2620964337:32M27N09E17,pur-cac-plumas,northern-sierra,05/25/2026,2026,40.199236,-120.994642,Plumas,forestry,32263200406,ROUNDUP PRO CONCENTRATE HERBICIDE,"GLYPHOSATE, ISOPROPYLAMINE SALT",601.4063,lbs,154.0,,,,completed,https://calpip.cdpr.ca.gov/,2026-07-22
purcac:WEB2620964382:32M27N09E20,pur-cac-plumas,northern-sierra,05/29/2026,2026,40.184684,-120.994826,Plumas,forestry,32263200406,ROUNDUP PRO CONCENTRATE HERBICIDE,"GLYPHOSATE, ISOPROPYLAMINE SALT",260.6094,lbs,69.0,,,,completed,https://calpip.cdpr.ca.gov/,2026-07-22
purcac:WEB2621053722:32M27N09E22,pur-cac-plumas,northern-sierra,06/09/2026,2026,40.184763,-120.9569,Plumas,forestry,32263200406,ROUNDUP PRO CONCENTRATE HERBICIDE,"GLYPHOSATE, ISOPROPYLAMINE SALT",801.8751,lbs,209.5,,,,completed,https://calpip.cdpr.ca.gov/,2026-07-22
purcac:WEB2520356736:32M29N08E17,pur-cac-plumas,northern-sierra,10/11/2025,2025,40.372941,-121.108401,Plumas,forestry,32254500033,DU PONT VELPAR DF HERBICIDE,HEXAZINONE,177.525,lbs,157.8,,,,completed,https://calpip.cdpr.ca.gov/,2026-07-22
purcac:WEB2520356726:32M29N08E08,pur-cac-plumas,northern-sierra,10/10/2025,2025,40.387493,-121.108316,Plumas,forestry,32254500033,DU PONT VELPAR DF HERBICIDE,HEXAZINONE,151.9875,lbs,135.1,,,,completed,https://calpip.cdpr.ca.gov/,2026-07-22
purcac:WEB2520356705:32M29N08E09,pur-cac-plumas,northern-sierra,10/10/2025,2025,40.387647,-121.089223,Plumas,forestry,32254500033,DU PONT VELPAR DF HERBICIDE,HEXAZINONE,129.375,lbs,115.0,,,,completed,https://calpip.cdpr.ca.gov/,2026-07-22
purcac:WEB2520340150:32M26N06E23,pur-cac-plumas,northern-sierra,10/03/2025,2025,40.094141,-121.278643,Plumas,forestry,32254500033,DU PONT VELPAR DF HERBICIDE,HEXAZINONE,1.2375,lbs,1.1,,,,completed,https://calpip.cdpr.ca.gov/,2026-07-22
purcac:WEB2520340158:32M26N06E24,pur-cac-plumas,northern-sierra,10/03/2025,2025,40.094009,-121.259662,Plumas,forestry,32254500033,DU PONT VELPAR DF HERBICIDE,HEXAZINONE,186.75,lbs,165.9,,,,completed,https://calpip.cdpr.ca.gov/,2026-07-22
purcac:WEB2520319400:32M26N06E14,pur-cac-plumas,northern-sierra,09/29/2025,2025,40.108794,-121.278694,Plumas,forestry,32254500033,DU PONT VELPAR DF HERBICIDE,HEXAZINONE,96.525,lbs,85.8,,,,completed,https://calpip.cdpr.ca.gov/,2026-07-22
purcac:WEB2520340146:32M26N06E13,pur-cac-plumas,northern-sierra,10/03/2025,2025,40.108699,-121.259702,Plumas,forestry,32254500033,DU PONT VELPAR DF HERBICIDE,HEXAZINONE,55.5,lbs,49.2,,,,completed,https://calpip.cdpr.ca.gov/,2026-07-22
purcac:WEB2520319389:32M26N06E11,pur-cac-plumas,northern-sierra,09/29/2025,2025,40.123419,-121.278616,Plumas,forestry,32254500033,DU PONT VELPAR DF HERBICIDE,HEXAZINONE,95.25,lbs,84.9,,,,completed,https://calpip.cdpr.ca.gov/,2026-07-22
purcac:WEB2520319394:32M26N06E12,pur-cac-plumas,northern-sierra,09/29/2025,2025,40.123436,-121.259737,Plumas,forestry,32254500033,DU PONT VELPAR DF HERBICIDE,HEXAZINONE,9.1125,lbs,8.1,,,,completed,https://calpip.cdpr.ca.gov/,2026-07-22
purcac:WEB2520319430:32M26N06E24,pur-cac-plumas,northern-sierra,09/29/2025,2025,40.094009,-121.259662,Plumas,forestry,32254500033,DU PONT VELPAR DF HERBICIDE,HEXAZINONE,9.1125,lbs,8.1,,,,completed,https://calpip.cdpr.ca.gov/,2026-07-22
purcac:WEB2520319408:32M26N06E23,pur-cac-plumas,northern-sierra,09/29/2025,2025,40.094141,-121.278643,Plumas,forestry,32254500033,DU PONT VELPAR DF HERBICIDE,HEXAZINONE,45.225,lbs,40.2,,,,completed,https://calpip.cdpr.ca.gov/,2026-07-22
purcac:WEB2520371081:32M28N11E20,pur-cac-plumas,northern-sierra,10/20/2025,2025,40.272446,-120.76531,Plumas,forestry,32254500033,VELPAR DF VU HERBICIDE,HEXAZINONE,870.0,lbs,290.0,,,,completed,https://calpip.cdpr.ca.gov/,2026-07-22
purcac:WEB2520371088:32M28N11E19,pur-cac-plumas,northern-sierra,10/20/2025,2025,40.272438,-120.785798,Plumas,forestry,32254500033,VELPAR DF VU HERBICIDE,HEXAZINONE,126.0,lbs,42.0,,,,completed,https://calpip.cdpr.ca.gov/,2026-07-22
purcac:WEB2520371105:32M28N11E21,pur-cac-plumas,northern-sierra,10/20/2025,2025,40.272417,-120.745976,Plumas,forestry,32254500033,VELPAR DF VU HERBICIDE,HEXAZINONE,147.0,lbs,49.0,,,,completed,https://calpip.cdpr.ca.gov/,2026-07-22
purcac:WEB2520383423:32M28N11E26,pur-cac-plumas,northern-sierra,10/25/2025,2025,40.257591,-120.707946,Plumas,forestry,32254500033,VELPAR DF VU HERBICIDE,HEXAZINONE,171.0,lbs,57.0,,,,completed,https://calpip.cdpr.ca.gov/,2026-07-22
purcac:WEB2520383477:32M28N11E35,pur-cac-plumas,northern-sierra,10/26/2025,2025,40.243167,-120.708031,Plumas,forestry,32254500033,VELPAR DF VU HERBICIDE,HEXAZINONE,150.0,lbs,50.0,,,,completed,https://calpip.cdpr.ca.gov/,2026-07-22
purcac:WEB2520383434:32M28N11E27,pur-cac-plumas,northern-sierra,10/25/2025,2025,40.257731,-120.726964,Plumas,forestry,32254500033,VELPAR DF VU HERBICIDE,HEXAZINONE,393.0,lbs,131.0,,,,completed,https://calpip.cdpr.ca.gov/,2026-07-22
purcac:WEB2520383440:32M28N11E28,pur-cac-plumas,northern-sierra,10/25/2025,2025,40.257876,-120.745943,Plumas,forestry,32254500033,VELPAR DF VU HERBICIDE,HEXAZINONE,147.0,lbs,49.0,,,,completed,https://calpip.cdpr.ca.gov/,2026-07-22
purcac:WEB2520383448:32M28N11E33,pur-cac-plumas,northern-sierra,10/26/2025,2025,40.243331,-120.746009,Plumas,forestry,32254500033,VELPAR DF VU HERBICIDE,HEXAZINONE,6.0,lbs,2.0,,,,completed,https://calpip.cdpr.ca.gov/,2026-07-22
purcac:WEB2520383468:32M28N11E34,pur-cac-plumas,northern-sierra,10/26/2025,2025,40.243211,-120.726837,Plumas,forestry,32254500033,VELPAR DF VU HERBICIDE,HEXAZINONE,498.0,lbs,166.0,,,,completed,https://calpip.cdpr.ca.gov/,2026-07-22
purcac:WEB2520411837:32M29N08E20,pur-cac-plumas,northern-sierra,11/10/2025,2025,40.358319,-121.108314,Plumas,forestry,32254500033,VELPAR DF VU HERBICIDE,HEXAZINONE,40.5,lbs,35.8,,,,completed,https://calpip.cdpr.ca.gov/,2026-07-22
purcac:WEB2520411848:32M29N08E28,pur-cac-plumas,northern-sierra,11/10/2025,2025,40.343818,-121.089331,Plumas,forestry,32254500033,VELPAR DF VU HERBICIDE,HEXAZINONE,8.25,lbs,6.9,,,,completed,https://calpip.cdpr.ca.gov/,2026-07-22
purcac:WEB2520411857:32M29N08E21,pur-cac-plumas,northern-sierra,11/12/2025,2025,40.358404,-121.089377,Plumas,forestry,32254500033,VELPAR DF VU HERBICIDE,HEXAZINONE,453.75,lbs,402.9,,,,completed,https://calpip.cdpr.ca.gov/,2026-07-22
purcac:WEB2520411868:32M29N08E15,pur-cac-plumas,northern-sierra,11/13/2025,2025,40.373172,-121.070516,Plumas,forestry,32254500033,VELPAR DF VU HERBICIDE,HEXAZINONE,75.75,lbs,67.3,,,,completed,https://calpip.cdpr.ca.gov/,2026-07-22
purcac:WEB2520411885:32M29N08E16,pur-cac-plumas,northern-sierra,11/13/2025,2025,40.373029,-121.089409,Plumas,forestry,32254500033,VELPAR DF VU HERBICIDE,HEXAZINONE,226.5,lbs,201.3,,,,completed,https://calpip.cdpr.ca.gov/,2026-07-22
purcac:WEB2520411897:32M29N08E17,pur-cac-plumas,northern-sierra,11/13/2025,2025,40.372941,-121.108401,Plumas,forestry,32254500033,VELPAR DF VU HERBICIDE,HEXAZINONE,10.0125,lbs,8.9,,,,completed,https://calpip.cdpr.ca.gov/,2026-07-22
purcac:WEB2520411912:32M29N08E22,pur-cac-plumas,northern-sierra,11/13/2025,2025,40.358581,-121.070462,Plumas,forestry,32254500033,VELPAR DF VU HERBICIDE,HEXAZINONE,5.7375,lbs,5.1,,,,completed,https://calpip.cdpr.ca.gov/,2026-07-22
purcac:WEB2520371058:32M28N11E17,pur-cac-plumas,northern-sierra,10/20/2025,2025,40.286945,-120.765267,Plumas,forestry,32254500033,VELPAR DF VU HERBICIDE,HEXAZINONE,9.0,lbs,3.0,,,,completed,https://calpip.cdpr.ca.gov/,2026-07-22
purcac:WEB2620907965:32M27N08E12,pur-cac-plumas,northern-sierra,05/12/2026,2026,40.213182,-121.032985,Plumas,forestry,32263200406,ROUNDUP PRO CONCENTRATE HERBICIDE,"GLYPHOSATE, ISOPROPYLAMINE SALT",260.6094,lbs,60.0,,,,completed,https://calpip.cdpr.ca.gov/,2026-07-22
purcac:WEB2519907510:32M28N11E34,pur-cac-plumas,northern-sierra,06/26/2025,2025,40.243211,-120.726837,Plumas,forestry,32254500033,ROUNDUP PRO CONCENTRATE HERBICIDE,"GLYPHOSATE, ISOPROPYLAMINE SALT",122.7871,lbs,172.3,,,,completed,https://calpip.cdpr.ca.gov/,2026-07-22
purcac:WEB2519907499:32M28N11E33,pur-cac-plumas,northern-sierra,06/25/2025,2025,40.243331,-120.746009,Plumas,forestry,32254500033,ROUNDUP PRO CONCENTRATE HERBICIDE,"GLYPHOSATE, ISOPROPYLAMINE SALT",1.4487,lbs,2.1,,,,completed,https://calpip.cdpr.ca.gov/,2026-07-22
purcac:WEB2519907501:32M28N11E35,pur-cac-plumas,northern-sierra,06/25/2025,2025,40.243167,-120.708031,Plumas,forestry,32254500033,ROUNDUP PRO CONCENTRATE HERBICIDE,"GLYPHOSATE, ISOPROPYLAMINE SALT",35.082,lbs,50.5,,,,completed,https://calpip.cdpr.ca.gov/,2026-07-22
purcac:WEB2519907470:32M28N11E27,pur-cac-plumas,northern-sierra,06/24/2025,2025,40.257731,-120.726964,Plumas,forestry,32254500033,ROUNDUP PRO CONCENTRATE HERBICIDE,"GLYPHOSATE, ISOPROPYLAMINE SALT",95.2227,lbs,134.0,,,,completed,https://calpip.cdpr.ca.gov/,2026-07-22
purcac:WEB2519907495:32M28N11E28,pur-cac-plumas,northern-sierra,06/25/2025,2025,40.257876,-120.745943,Plumas,forestry,32254500033,ROUNDUP PRO CONCENTRATE HERBICIDE,"GLYPHOSATE, ISOPROPYLAMINE SALT",35.082,lbs,50.2,,,,completed,https://calpip.cdpr.ca.gov/,2026-07-22
purcac:WEB2519754741:32M28N08E06,pur-cac-plumas,northern-sierra,05/22/2025,2025,40.314434,-121.127436,Plumas,forestry,32253202150,ROUNDUP PRO CONCENTRATE HERBICIDE,"GLYPHOSATE, ISOPROPYLAMINE SALT",831.9454,lbs,164.27,,,,completed,https://calpip.cdpr.ca.gov/,2026-07-22
purcac:WEB2519754757:32M29N08E31,pur-cac-plumas,northern-sierra,05/23/2025,2025,40.329054,-121.127523,Plumas,forestry,32253202150,ROUNDUP PRO CONCENTRATE HERBICIDE,"GLYPHOSATE, ISOPROPYLAMINE SALT",400.9376,lbs,72.0,,,,completed,https://calpip.cdpr.ca.gov/,2026-07-22
purcac:WEB2519785937:32M29N08E31,pur-cac-plumas,northern-sierra,05/29/2025,2025,40.329054,-121.127523,Plumas,forestry,32253202150,ROUNDUP PRO CONCENTRATE HERBICIDE,"GLYPHOSATE, ISOPROPYLAMINE SALT",1403.2815,lbs,181.24,,,,completed,https://calpip.cdpr.ca.gov/,2026-07-22
purcac:WEB2519962581:32M27N10E14,pur-cac-plumas,northern-sierra,07/04/2025,2025,40.199403,-120.825382,Plumas,forestry,32254500033,ROUNDUP PRO CONCENTRATE HERBICIDE,"GLYPHOSATE, ISOPROPYLAMINE SALT",20.0469,lbs,6.4,,,,completed,https://calpip.cdpr.ca.gov/,2026-07-22
purcac:WEB2519961967:32M27N10E03,pur-cac-plumas,northern-sierra,07/03/2025,2025,40.227614,-120.8437,Plumas,forestry,32254500033,ROUNDUP PRO CONCENTRATE HERBICIDE,"GLYPHOSATE, ISOPROPYLAMINE SALT",280.6563,lbs,88.6,,,,completed,https://calpip.cdpr.ca.gov/,2026-07-22
purcac:WEB2519907456:32M28N11E26,pur-cac-plumas,northern-sierra,06/23/2025,2025,40.257591,-120.707946,Plumas,forestry,32254500033,ROUNDUP PRO CONCENTRATE HERBICIDE,"GLYPHOSATE, ISOPROPYLAMINE SALT",45.1055,lbs,61.8,,,,completed,https://calpip.cdpr.ca.gov/,2026-07-22
purcac:WEB2520287915:32M26N09E08,pur-cac-plumas,northern-sierra,09/18/2025,2025,40.126668,-120.994951,Plumas,forestry,32254500033,ROUNDUP PRO CONCENTRATE HERBICIDE,"GLYPHOSATE, ISOPROPYLAMINE SALT",215.5039,lbs,72.7,,,,completed,https://calpip.cdpr.ca.gov/,2026-07-22
purcac:WEB2520287914:32M26N09E09,pur-cac-plumas,northern-sierra,09/18/2025,2025,40.126562,-120.976315,Plumas,forestry,32254500033,ROUNDUP PRO CONCENTRATE HERBICIDE,"GLYPHOSATE, ISOPROPYLAMINE SALT",63.6488,lbs,21.4,,,,completed,https://calpip.cdpr.ca.gov/,2026-07-22
purcac:WEB2520214975:32M26N10E32,pur-cac-plumas,northern-sierra,09/01/2025,2025,40.069,-120.882023,Plumas,forestry,32254500033,ROUNDUP PRO CONCENTRATE HERBICIDE,"GLYPHOSATE, ISOPROPYLAMINE SALT",175.4102,lbs,35.6,,,,completed,https://calpip.cdpr.ca.gov/,2026-07-22
purcac:WEB2520214982:32M26N09E36,pur-cac-plumas,northern-sierra,09/01/2025,2025,40.068984,-120.919198,Plumas,forestry,32254500033,ROUNDUP PRO CONCENTRATE HERBICIDE,"GLYPHOSATE, ISOPROPYLAMINE SALT",207.9864,lbs,41.5,,,,completed,https://calpip.cdpr.ca.gov/,2026-07-22
purcac:WEB2520234165:32M27N08E36,pur-cac-plumas,northern-sierra,09/01/2025,2025,40.155624,-121.032655,Plumas,forestry,32254500033,ROUNDUP PRO CONCENTRATE HERBICIDE,"GLYPHOSATE, ISOPROPYLAMINE SALT",1002.3439,lbs,197.9,,,,completed,https://calpip.cdpr.ca.gov/,2026-07-22
purcac:WEB2520214994:32M26N09E03,pur-cac-plumas,northern-sierra,08/30/2025,2025,40.141194,-120.957514,Plumas,forestry,32254500033,ROUNDUP PRO CONCENTRATE HERBICIDE,"GLYPHOSATE, ISOPROPYLAMINE SALT",425.9962,lbs,85.6,,,,completed,https://calpip.cdpr.ca.gov/,2026-07-22
purcac:WEB2520214997:32M26N09E04,pur-cac-plumas,northern-sierra,08/30/2025,2025,40.141061,-120.976407,Plumas,forestry,32254500033,ROUNDUP PRO CONCENTRATE HERBICIDE,"GLYPHOSATE, ISOPROPYLAMINE SALT",80.1875,lbs,16.2,,,,completed,https://calpip.cdpr.ca.gov/,2026-07-22
purcac:WEB2520215001:32M26N09E10,pur-cac-plumas,northern-sierra,08/30/2025,2025,40.12674,-120.95749,Plumas,forestry,32254500033,ROUNDUP PRO CONCENTRATE HERBICIDE,"GLYPHOSATE, ISOPROPYLAMINE SALT",328.2676,lbs,65.7,,,,completed,https://calpip.cdpr.ca.gov/,2026-07-22
purcac:WEB2520215039:32M27N09E33,pur-cac-plumas,northern-sierra,08/31/2025,2025,40.155661,-120.976356,Plumas,forestry,32254500033,ROUNDUP PRO CONCENTRATE HERBICIDE,"GLYPHOSATE, ISOPROPYLAMINE SALT",441.0313,lbs,88.0,,,,completed,https://calpip.cdpr.ca.gov/,2026-07-22
purcac:WEB2520215043:32M27N09E34,pur-cac-plumas,northern-sierra,08/31/2025,2025,40.155734,-120.957379,Plumas,forestry,32254500033,ROUNDUP PRO CONCENTRATE HERBICIDE,"GLYPHOSATE, ISOPROPYLAMINE SALT",9.0211,lbs,1.8,,,,completed,https://calpip.cdpr.ca.gov/,2026-07-22
purcac:WEB2520214973:32M26N10E31,pur-cac-plumas,northern-sierra,09/01/2025,2025,40.06894,-120.90027,Plumas,forestry,32254500033,ROUNDUP PRO CONCENTRATE HERBICIDE,"GLYPHOSATE, ISOPROPYLAMINE SALT",420.9844,lbs,83.8,,,,completed,https://calpip.cdpr.ca.gov/,2026-07-22
purcac:WEB2520214972:32M26N09E25,pur-cac-plumas,northern-sierra,09/01/2025,2025,40.083292,-120.919231,Plumas,forestry,32254500033,ROUNDUP PRO CONCENTRATE HERBICIDE,"GLYPHOSATE, ISOPROPYLAMINE SALT",50.1172,lbs,9.6,,,,completed,https://calpip.cdpr.ca.gov/,2026-07-22
purcac:WEB2520186067:32M20N08E03,pur-cac-plumas,northern-sierra,08/12/2025,2025,39.621572,-121.069896,Plumas,forestry,32253206061,ROUNDUP PRO CONCENTRATE HERBICIDE,"GLYPHOSATE, ISOPROPYLAMINE SALT",105.2461,lbs,40.0,,,,completed,https://calpip.cdpr.ca.gov/,2026-07-22
purcac:WEB2519962517:32M27N10E11,pur-cac-plumas,northern-sierra,07/04/2025,2025,40.213845,-120.825016,Plumas,forestry,32254500033,ROUNDUP PRO CONCENTRATE HERBICIDE,"GLYPHOSATE, ISOPROPYLAMINE SALT",489.8956,lbs,155.9,,,,completed,https://calpip.cdpr.ca.gov/,2026-07-22
purcac:WEB2519962383:32M27N10E10,pur-cac-plumas,northern-sierra,07/03/2025,2025,40.213729,-120.843788,Plumas,forestry,32254500033,ROUNDUP PRO CONCENTRATE HERBICIDE,"GLYPHOSATE, ISOPROPYLAMINE SALT",239.3096,lbs,76.2,,,,completed,https://calpip.cdpr.ca.gov/,2026-07-22
purcac:WEB2621187491:32M26N06E11,pur-cac-plumas,northern-sierra,07/10/2026,2026,40.123419,-121.278616,Plumas,forestry,32264500033,ROUNDUP PRO CONCENTRATE HERBICIDE,"GLYPHOSATE, ISOPROPYLAMINE SALT",205.4805,lbs,41.0,,,,completed,https://calpip.cdpr.ca.gov/,2026-07-22
purcac:WEB2621187454:32M26N06E10,pur-cac-plumas,northern-sierra,07/09/2026,2026,40.123394,-121.29755,Plumas,forestry,32264500033,ROUNDUP PRO CONCENTRATE HERBICIDE,"GLYPHOSATE, ISOPROPYLAMINE SALT",250.586,lbs,50.0,,,,completed,https://calpip.cdpr.ca.gov/,2026-07-22
purcac:WEB2621187507:32M26N06E14,pur-cac-plumas,northern-sierra,07/10/2026,2026,40.108794,-121.278694,Plumas,forestry,32264500033,ROUNDUP PRO CONCENTRATE HERBICIDE,"GLYPHOSATE, ISOPROPYLAMINE SALT",150.3516,lbs,30.0,,,,completed,https://calpip.cdpr.ca.gov/,2026-07-22
purcac:WEB2621187446:32M26N06E15,pur-cac-plumas,northern-sierra,07/11/2026,2026,40.108772,-121.297646,Plumas,forestry,32264500033,ROUNDUP PRO CONCENTRATE HERBICIDE,"GLYPHOSATE, ISOPROPYLAMINE SALT",638.9942,lbs,255.0,,,,completed,https://calpip.cdpr.ca.gov/,2026-07-22
purcac:WEB2520258129:32M27N06E31,pur-cac-plumas,northern-sierra,08/26/2025,2025,40.153688,-121.354373,Plumas,forestry,32253202150,VASTLAN,TRICLOPYR CHOLINE,242.7352,lbs,30.0,,,,completed,https://calpip.cdpr.ca.gov/,2026-07-22
purcac:WEB2520258150:32M27N06E31,pur-cac-plumas,northern-sierra,08/27/2025,2025,40.153688,-121.354373,Plumas,forestry,32253202150,VASTLAN,TRICLOPYR CHOLINE,159.0334,lbs,20.0,,,,completed,https://calpip.cdpr.ca.gov/,2026-07-22
purcac:WEB263626675:32M24N10E08,pur-cac-plumas,northern-sierra,03/21/2026,2026,39.957983,-120.887334,Plumas,ag,32263200286,CORNERSTONE PLUS,"GLYPHOSATE, ISOPROPYLAMINE SALT",4.7769,lbs,3.0,,,,completed,https://calpip.cdpr.ca.gov/,2026-07-22
purcac:WEB253576442:32M24N10E17,pur-cac-plumas,northern-sierra,04/19/2025,2025,39.943247,-120.887285,Plumas,ag,32253200286,CORNERSTONE PLUS,"GLYPHOSATE, ISOPROPYLAMINE SALT",3.0005,lbs,3.0,,,,completed,https://calpip.cdpr.ca.gov/,2026-07-22
purcac:WEB253576442:32M24N10E08,pur-cac-plumas,northern-sierra,04/20/2025,2025,39.957983,-120.887334,Plumas,ag,32253200286,PROWL H2O HERBICIDE,PENDIMETHALIN,6.392,lbs,4.5,,,,completed,https://calpip.cdpr.ca.gov/,2026-07-22
purcac:WEB263626350:32M24N09E16,pur-cac-plumas,northern-sierra,03/26/2026,2026,39.942963,-120.981278,Plumas,ag,32263200260,GARLON 4 ULTRA,"TRICLOPYR, BUTOXYETHYL ESTER",49.1587,lbs,33.33,,,,completed,https://calpip.cdpr.ca.gov/,2026-07-22
purcac:WEB253576448:32M24N10E17,pur-cac-plumas,northern-sierra,05/11/2025,2025,39.943247,-120.887285,Plumas,ag,32253200286,PROWL H2O HERBICIDE,PENDIMETHALIN,4.2613,lbs,3.0,,,,completed,https://calpip.cdpr.ca.gov/,2026-07-22
purcac:WEB253573056:32M22N15E10,pur-cac-plumas,northern-sierra,04/11/2025,2025,39.773756,-120.286964,Plumas,ag,32253200106,INTENSITY POST-EMERGENCE GRASS HERBICIDE,CLETHODIM,31.3573,lbs,120.0,,,,completed,https://calpip.cdpr.ca.gov/,2026-07-22
purcac:WEB253573056:32M22N15E03,pur-cac-plumas,northern-sierra,04/09/2025,2025,39.788324,-120.286824,Plumas,ag,32253200106,METRIBUZIN 75,METRIBUZIN,60.0,lbs,125.0,,,,completed,https://calpip.cdpr.ca.gov/,2026-07-22
purcac:WEB253573056:32M22N15E04,pur-cac-plumas,northern-sierra,04/08/2025,2025,39.788368,-120.305739,Plumas,ag,32253200106,TIDE HEXAZINONE 75 WDG,HEXAZINONE,67.5,lbs,125.0,,,,completed,https://calpip.cdpr.ca.gov/,2026-07-22
purcac:WEB263622693:32M22N15E10,pur-cac-plumas,northern-sierra,03/18/2026,2026,39.773756,-120.286964,Plumas,ag,32263200106,TIDE USA CLETHODIM 2EC,CLETHODIM,27.485,lbs,125.0,,,,completed,https://calpip.cdpr.ca.gov/,2026-07-22
purcac:WEB263622693:32M22N15E11,pur-cac-plumas,northern-sierra,03/17/2026,2026,39.773724,-120.268168,Plumas,ag,32263200106,METRIBUZIN 75,METRIBUZIN,71.25,lbs,130.0,,,,completed,https://calpip.cdpr.ca.gov/,2026-07-22
purcac:WEB263622693:32M22N15E14,pur-cac-plumas,northern-sierra,03/21/2026,2026,39.759101,-120.268325,Plumas,ag,32263200106,TIDE USA CLETHODIM 2EC,CLETHODIM,27.485,lbs,125.0,,,,completed,https://calpip.cdpr.ca.gov/,2026-07-22
purcac:WEB263626668:32M24N10E08,pur-cac-plumas,northern-sierra,03/15/2026,2026,39.957983,-120.887334,Plumas,ag,32263200286,CORNERSTONE PLUS,"GLYPHOSATE, ISOPROPYLAMINE SALT",10.6154,lbs,6.0,,,,completed,https://calpip.cdpr.ca.gov/,2026-07-22
purcac:WEB253576448:32M24N10E08,pur-cac-plumas,northern-sierra,05/06/2025,2025,39.957983,-120.887334,Plumas,ag,32253200286,CORNERSTONE PLUS,"GLYPHOSATE, ISOPROPYLAMINE SALT",3.0005,lbs,3.0,,,,completed,https://calpip.cdpr.ca.gov/,2026-07-22
purcac:WEB253585272:32M24N09E16,pur-cac-plumas,northern-sierra,05/06/2025,2025,39.942963,-120.981278,Plumas,ag,32253200260,GARLON 4ULTRA,"TRICLOPYR, BUTOXYETHYL ESTER",44.4205,lbs,30.0,,,,completed,https://calpip.cdpr.ca.gov/,2026-07-22
purcac:WEB253585293:32M24N09E16,pur-cac-plumas,northern-sierra,06/06/2025,2025,39.942963,-120.981278,Plumas,ag,32253200260,CORNERSTONE PLUS,"GLYPHOSATE, ISOPROPYLAMINE SALT",15.0025,lbs,10.0,,,,completed,https://calpip.cdpr.ca.gov/,2026-07-22
purcac:WEB253587912:32M22N12E06,pur-cac-plumas,northern-sierra,06/01/2025,2025,39.799832,-120.674462,Plumas,forestry,32252900011,SPORAX,SODIUM TETRABORATE DECAHYDRATE,10.0,lbs,100.0,,,,completed,https://calpip.cdpr.ca.gov/,2026-07-22
purcac:WEB253589394:32M27N08E36,pur-cac-plumas,northern-sierra,06/17/2025,2025,40.155624,-121.032655,Plumas,forestry,32253200406,ROUNDUP PRO CONCENTRATE HERBICIDE,"GLYPHOSATE, ISOPROPYLAMINE SALT",1022.3908,lbs,238.0,,,,completed,https://calpip.cdpr.ca.gov/,2026-07-22
purcac:WEB253592880:32M22N12E06,pur-cac-plumas,northern-sierra,07/01/2025,2025,39.799832,-120.674462,Plumas,forestry,32252900011,SPORAX,SODIUM TETRABORATE DECAHYDRATE,15.0,lbs,122.0,,,,completed,https://calpip.cdpr.ca.gov/,2026-07-22
purcac:WEB253577031:32M23N10E09,pur-cac-plumas,northern-sierra,05/14/2025,2025,39.871962,-120.867858,Plumas,federal,32253206500,AQUAMASTER HERBICIDE,"GLYPHOSATE, ISOPROPYLAMINE SALT",,lbs,48.0,,,,completed,https://calpip.cdpr.ca.gov/,2026-07-22
purcac:WEB253577031:32M23N10E08,pur-cac-plumas,northern-sierra,05/15/2025,2025,39.872054,-120.886652,Plumas,federal,32253206500,AQUAMASTER HERBICIDE,"GLYPHOSATE, ISOPROPYLAMINE SALT",,lbs,24.0,,,,completed,https://calpip.cdpr.ca.gov/,2026-07-22
purcac:WEB253577031:32M23N10E05,pur-cac-plumas,northern-sierra,05/13/2025,2025,39.885832,-120.887234,Plumas,federal,32253206500,AQUAMASTER HERBICIDE,"GLYPHOSATE, ISOPROPYLAMINE SALT",810.0384,lbs,31.0,,,,completed,https://calpip.cdpr.ca.gov/,2026-07-22
purcac:WEB253577031:32M24N10E31,pur-cac-plumas,northern-sierra,05/13/2025,2025,39.899526,-120.906045,Plumas,federal,32253206500,AQUAMASTER HERBICIDE,"GLYPHOSATE, ISOPROPYLAMINE SALT",,lbs,57.0,,,,completed,https://calpip.cdpr.ca.gov/,2026-07-22
purcac:WEB253577031:32M24N10E32,pur-cac-plumas,northern-sierra,05/13/2025,2025,39.899567,-120.887818,Plumas,federal,32253206500,AQUAMASTER HERBICIDE,"GLYPHOSATE, ISOPROPYLAMINE SALT",,lbs,24.0,,,,completed,https://calpip.cdpr.ca.gov/,2026-07-22
purcac:WEB253585289:32M24N09E16,pur-cac-plumas,northern-sierra,06/05/2025,2025,39.942963,-120.981278,Plumas,ag,32253200260,PROWL H2O HERBICIDE,PENDIMETHALIN,10.6534,lbs,7.5,,,,completed,https://calpip.cdpr.ca.gov/,2026-07-22
